city,date,fajer,sunrise,dhuhr,asr,maghrib,isha
Benghazi,12-31,6:11,7:40,12:46,3:26,5:49,7:14
Benghazi,12-30,6:10,7:40,12:46,3:26,5:48,7:13
Benghazi,12-29,6:10,7:39,12:45,3:25,5:47,7:13
Benghazi,12-28,6:10,7:39,12:45,3:24,5:47,7:12
Benghazi,12-27,6:09,7:39,12:44,3:24,5:46,7:11
Benghazi,12-26,6:09,7:38,12:44,3:23,5:45,7:11
Benghazi,12-25,6:08,7:38,12:43,3:23,5:45,7:10
Benghazi,12-24,6:08,7:37,12:43,3:22,5:44,7:10
Benghazi,12-23,6:07,7:37,12:42,3:22,5:44,7:09
Benghazi,12-22,6:07,7:37,12:42,3:21,5:43,7:09
Benghazi,12-21,6:06,7:36,12:41,3:21,5:43,7:08
Benghazi,12-20,6:06,7:36,12:41,3:20,5:42,7:08
Benghazi,12-19,6:05,7:35,12:40,3:20,5:42,7:07
Benghazi,12-18,6:05,7:34,12:40,3:19,5:41,7:07
Benghazi,12-17,6:04,7:34,12:39,3:19,5:41,7:06
Benghazi,12-16,6:04,7:33,12:39,3:18,5:41,7:06
Benghazi,12-15,6:03,7:33,12:38,3:18,5:40,7:06
Benghazi,12-14,6:03,7:32,12:38,3:18,5:40,7:05
Benghazi,12-13,6:02,7:31,12:38,3:17,5:40,7:05
Benghazi,12-12,6:01,7:31,12:37,3:17,5:39,7:05
Benghazi,12-11,6:01,7:30,12:37,3:17,5:39,7:04
Benghazi,12-10,6:00,7:29,12:36,3:17,5:39,7:04
Benghazi,12-9,5:59,7:29,12:36,3:16,5:39,7:04
Benghazi,12-8,5:59,7:28,12:35,3:16,5:39,7:04
Benghazi,12-7,5:58,7:27,12:35,3:16,5:39,7:04
Benghazi,12-6,5:57,7:26,12:34,3:16,5:39,7:03
Benghazi,12-5,5:57,7:26,12:34,3:16,5:39,7:03
Benghazi,12-4,5:56,7:25,12:34,3:16,5:39,7:03
Benghazi,12-3,5:55,7:24,12:33,3:16,5:39,7:03
Benghazi,12-2,5:55,7:23,12:33,3:16,5:39,7:03
Benghazi,12-1,5:54,7:22,12:32,3:16,5:39,7:03
Benghazi,11-30,5:53,7:21,12:32,3:16,5:39,7:03
Benghazi,11-29,5:52,7:21,12:32,3:16,5:39,7:03
Benghazi,11-28,5:52,7:20,12:31,3:16,5:39,7:03
Benghazi,11-27,5:51,7:19,12:31,3:16,5:39,7:03
Benghazi,11-26,5:50,7:18,12:31,3:16,5:39,7:03
Benghazi,11-25,5:49,7:17,12:30,3:16,5:40,7:03
Benghazi,11-24,5:49,7:16,12:30,3:16,5:40,7:03
Benghazi,11-23,5:48,7:15,12:30,3:17,5:40,7:04
Benghazi,11-22,5:47,7:14,12:30,3:17,5:41,7:04
Benghazi,11-21,5:46,7:14,12:29,3:17,5:41,7:04
Benghazi,11-20,5:46,7:13,12:29,3:17,5:41,7:04
Benghazi,11-19,5:45,7:12,12:29,3:18,5:42,7:05
Benghazi,11-18,5:44,7:11,12:29,3:18,5:42,7:05
Benghazi,11-17,5:43,7:10,12:28,3:18,5:43,7:05
Benghazi,11-16,5:43,7:09,12:28,3:19,5:43,7:06
Benghazi,11-15,5:42,7:08,12:28,3:19,5:44,7:06
Benghazi,11-14,5:41,7:07,12:28,3:20,5:44,7:06
Benghazi,11-13,5:40,7:06,12:28,3:20,5:45,7:07
Benghazi,11-12,5:40,7:05,12:27,3:20,5:45,7:07
Benghazi,11-11,5:39,7:05,12:27,3:21,5:46,7:08
Benghazi,11-10,5:38,7:04,12:27,3:21,5:47,7:08
Benghazi,11-9,5:37,7:03,12:27,3:22,5:47,7:09
Benghazi,11-8,5:36,7:02,12:27,3:22,5:48,7:09
Benghazi,11-7,5:36,7:01,12:27,3:23,5:49,7:10
Benghazi,11-6,5:35,7:00,12:27,3:23,5:49,7:11
Benghazi,11-5,5:34,6:59,12:27,3:24,5:50,7:11
Benghazi,11-4,5:33,6:58,12:27,3:25,5:51,7:12
Benghazi,11-3,5:33,6:58,12:27,3:25,5:52,7:13
Benghazi,11-2,5:32,6:57,12:27,3:26,5:53,7:13
Benghazi,11-1,5:31,6:56,12:27,3:27,5:54,7:14
Benghazi,10-31,5:31,6:55,12:27,3:27,5:54,7:15
Benghazi,10-30,5:30,6:54,12:27,3:28,5:55,7:16
Benghazi,10-29,5:29,6:53,12:27,3:29,5:56,7:16
Benghazi,10-28,5:28,6:52,12:27,3:29,5:57,7:17
Benghazi,10-27,5:28,6:52,12:27,3:30,5:58,7:18
Benghazi,10-26,5:27,6:51,12:27,3:31,5:59,7:19
Benghazi,10-25,5:26,6:50,12:27,3:32,6:00,7:20
Benghazi,10-24,5:26,6:49,12:27,3:32,6:01,7:21
Benghazi,10-23,5:25,6:48,12:27,3:33,6:02,7:22
Benghazi,10-22,5:24,6:48,12:27,3:34,6:03,7:23
Benghazi,10-21,5:23,6:47,12:28,3:35,6:04,7:24
Benghazi,10-20,5:23,6:46,12:28,3:35,6:05,7:25
Benghazi,10-19,5:22,6:45,12:28,3:36,6:07,7:26
Benghazi,10-18,5:21,6:45,12:28,3:37,6:08,7:27
Benghazi,10-17,5:21,6:44,12:28,3:38,6:09,7:28
Benghazi,10-16,5:20,6:43,12:29,3:39,6:10,7:29
Benghazi,10-15,5:19,6:42,12:29,3:40,6:11,7:30
Benghazi,10-14,5:19,6:42,12:29,3:40,6:12,7:31
Benghazi,10-13,5:18,6:41,12:29,3:41,6:14,7:32
Benghazi,10-12,5:17,6:40,12:30,3:42,6:15,7:34
Benghazi,10-11,5:17,6:40,12:30,3:43,6:16,7:35
Benghazi,10-10,5:16,6:39,12:30,3:44,6:17,7:36
Benghazi,10-9,5:15,6:38,12:30,3:45,6:18,7:37
Benghazi,10-8,5:15,6:38,12:31,3:46,6:20,7:38
Benghazi,10-7,5:14,6:37,12:31,3:47,6:21,7:40
Benghazi,10-6,5:13,6:36,12:31,3:47,6:22,7:41
Benghazi,10-5,5:13,6:36,12:31,3:48,6:23,7:42
Benghazi,10-4,5:12,6:35,12:32,3:49,6:25,7:44
Benghazi,10-3,5:11,6:34,12:32,3:50,6:26,7:45
Benghazi,10-2,5:11,6:34,12:32,3:51,6:27,7:46
Benghazi,10-1,5:10,6:33,12:33,3:52,6:29,7:48
Benghazi,9-30,5:09,6:32,12:33,3:53,6:30,7:49
Benghazi,9-29,5:09,6:32,12:33,3:54,6:31,7:50
Benghazi,9-28,5:08,6:31,12:34,3:54,6:33,7:52
Benghazi,9-27,5:07,6:30,12:34,3:55,6:34,7:53
Benghazi,9-26,5:07,6:30,12:35,3:56,6:35,7:54
Benghazi,9-25,5:06,6:29,12:35,3:57,6:37,7:56
Benghazi,9-24,5:05,6:29,12:35,3:58,6:38,7:57
Benghazi,9-23,5:05,6:28,12:36,3:59,6:39,7:59
Benghazi,9-22,5:04,6:27,12:36,4:00,6:41,8:00
Benghazi,9-21,5:03,6:27,12:36,4:00,6:42,8:01
Benghazi,9-20,5:03,6:26,12:37,4:01,6:43,8:03
Benghazi,9-19,5:02,6:25,12:37,4:02,6:45,8:04
Benghazi,9-18,5:01,6:25,12:37,4:03,6:46,8:06
Benghazi,9-17,5:01,6:24,12:38,4:04,6:47,8:07
Benghazi,9-16,5:00,6:24,12:38,4:05,6:49,8:09
Benghazi,9-15,4:59,6:23,12:39,4:05,6:50,8:10
Benghazi,9-14,4:58,6:22,12:39,4:06,6:51,8:11
Benghazi,9-13,4:58,6:22,12:39,4:07,6:53,8:13
Benghazi,9-12,4:57,6:21,12:40,4:08,6:54,8:14
Benghazi,9-11,4:56,6:21,12:40,4:08,6:55,8:16
Benghazi,9-10,4:56,6:20,12:40,4:09,6:57,8:17
Benghazi,9-9,4:55,6:19,12:41,4:10,6:58,8:19
Benghazi,9-8,4:54,6:19,12:41,4:11,6:59,8:20
Benghazi,9-7,4:53,6:18,12:41,4:11,7:01,8:22
Benghazi,9-6,4:52,6:18,12:42,4:12,7:02,8:23
Benghazi,9-5,4:52,6:17,12:42,4:13,7:03,8:25
Benghazi,9-4,4:51,6:16,12:42,4:13,7:05,8:26
Benghazi,9-3,4:50,6:16,12:43,4:14,7:06,8:28
Benghazi,9-2,4:49,6:15,12:43,4:15,7:07,8:29
Benghazi,9-1,4:48,6:15,12:43,4:15,7:08,8:30
Benghazi,8-31,4:48,6:14,12:44,4:16,7:10,8:32
Benghazi,8-30,4:47,6:13,12:44,4:16,7:11,8:33
Benghazi,8-29,4:46,6:13,12:44,4:17,7:12,8:35
Benghazi,8-28,4:45,6:12,12:45,4:18,7:13,8:36
Benghazi,8-27,4:44,6:11,12:45,4:18,7:15,8:38
Benghazi,8-26,4:43,6:11,12:45,4:19,7:16,8:39
Benghazi,8-25,4:43,6:10,12:46,4:19,7:17,8:40
Benghazi,8-24,4:42,6:09,12:46,4:20,7:18,8:42
Benghazi,8-23,4:41,6:09,12:46,4:20,7:19,8:43
Benghazi,8-22,4:40,6:08,12:46,4:21,7:20,8:45
Benghazi,8-21,4:39,6:08,12:47,4:21,7:22,8:46
Benghazi,8-20,4:38,6:07,12:47,4:21,7:23,8:47
Benghazi,8-19,4:37,6:06,12:47,4:22,7:24,8:49
Benghazi,8-18,4:36,6:06,12:47,4:22,7:25,8:50
Benghazi,8-17,4:35,6:05,12:47,4:23,7:26,8:51
Benghazi,8-16,4:35,6:04,12:48,4:23,7:27,8:53
Benghazi,8-15,4:34,6:04,12:48,4:23,7:28,8:54
Benghazi,8-14,4:33,6:03,12:48,4:24,7:29,8:55
Benghazi,8-13,4:32,6:02,12:48,4:24,7:30,8:57
Benghazi,8-12,4:31,6:02,12:48,4:24,7:31,8:58
Benghazi,8-11,4:30,6:01,12:48,4:24,7:32,8:59
Benghazi,8-10,4:29,6:00,12:49,4:25,7:33,9:00
Benghazi,8-9,4:28,6:00,12:49,4:25,7:34,9:02
Benghazi,8-8,4:27,5:59,12:49,4:25,7:35,9:03
Benghazi,8-7,4:26,5:58,12:49,4:25,7:36,9:04
Benghazi,8-6,4:25,5:57,12:49,4:25,7:37,9:05
Benghazi,8-5,4:24,5:57,12:49,4:26,7:38,9:06
Benghazi,8-4,4:23,5:56,12:49,4:26,7:38,9:07
Benghazi,8-3,4:22,5:55,12:49,4:26,7:39,9:09
Benghazi,8-2,4:21,5:55,12:49,4:26,7:40,9:10
Benghazi,8-1,4:20,5:54,12:49,4:26,7:41,9:11
Benghazi,7-31,4:19,5:53,12:49,4:26,7:42,9:12
Benghazi,7-30,4:18,5:53,12:49,4:26,7:42,9:13
Benghazi,7-29,4:17,5:52,12:50,4:26,7:43,9:14
Benghazi,7-28,4:16,5:51,12:50,4:26,7:44,9:15
Benghazi,7-27,4:15,5:51,12:50,4:26,7:44,9:16
Benghazi,7-26,4:14,5:50,12:50,4:26,7:45,9:17
Benghazi,7-25,4:13,5:49,12:50,4:26,7:46,9:18
Benghazi,7-24,4:12,5:49,12:49,4:26,7:46,9:18
Benghazi,7-23,4:12,5:48,12:49,4:26,7:47,9:19
Benghazi,7-22,4:11,5:47,12:49,4:26,7:47,9:20
Benghazi,7-21,4:10,5:47,12:49,4:26,7:48,9:21
Benghazi,7-20,4:09,5:46,12:49,4:26,7:48,9:22
Benghazi,7-19,4:08,5:46,12:49,4:26,7:49,9:22
Benghazi,7-18,4:07,5:45,12:49,4:26,7:49,9:23
Benghazi,7-17,4:06,5:44,12:49,4:26,7:50,9:24
Benghazi,7-16,4:05,5:44,12:49,4:26,7:50,9:25
Benghazi,7-15,4:05,5:43,12:49,4:26,7:51,9:25
Benghazi,7-14,4:04,5:43,12:49,4:26,7:51,9:26
Benghazi,7-13,4:03,5:42,12:49,4:26,7:51,9:26
Benghazi,7-12,4:02,5:41,12:49,4:25,7:52,9:27
Benghazi,7-11,4:01,5:41,12:48,4:25,7:52,9:27
Benghazi,7-10,4:01,5:40,12:48,4:25,7:52,9:28
Benghazi,7-9,4:00,5:40,12:48,4:25,7:52,9:28
Benghazi,7-8,3:59,5:39,12:48,4:25,7:53,9:28
Benghazi,7-7,3:59,5:39,12:48,4:25,7:53,9:29
Benghazi,7-6,3:58,5:38,12:48,4:24,7:53,9:29
Benghazi,7-5,3:57,5:38,12:47,4:24,7:53,9:30
Benghazi,7-4,3:57,5:37,12:47,4:24,7:53,9:30
Benghazi,7-3,3:56,5:37,12:47,4:24,7:53,9:30
Benghazi,7-2,3:56,5:37,12:47,4:24,7:53,9:30
Benghazi,7-1,3:55,5:36,12:47,4:24,7:53,9:31
Benghazi,6-30,3:55,5:36,12:47,4:23,7:53,9:31
Benghazi,6-29,3:54,5:35,12:46,4:23,7:53,9:31
Benghazi,6-28,3:54,5:35,12:46,4:23,7:53,9:31
Benghazi,6-27,3:53,5:35,12:46,4:23,7:53,9:31
Benghazi,6-26,3:53,5:34,12:46,4:23,7:53,9:31
Benghazi,6-25,3:52,5:34,12:46,4:22,7:53,9:31
Benghazi,6-24,3:52,5:34,12:45,4:22,7:53,9:31
Benghazi,6-23,3:52,5:34,12:45,4:22,7:53,9:31
Benghazi,6-22,3:52,5:33,12:45,4:22,7:53,9:30
Benghazi,6-21,3:51,5:33,12:45,4:21,7:52,9:30
Benghazi,6-20,3:51,5:33,12:45,4:21,7:52,9:30
Benghazi,6-19,3:51,5:33,12:44,4:21,7:52,9:30
Benghazi,6-18,3:51,5:33,12:44,4:21,7:52,9:29
Benghazi,6-17,3:51,5:33,12:44,4:21,7:51,9:29
Benghazi,6-16,3:51,5:32,12:44,4:20,7:51,9:29
Benghazi,6-15,3:51,5:32,12:44,4:20,7:51,9:28
Benghazi,6-14,3:51,5:32,12:43,4:20,7:50,9:28
Benghazi,6-13,3:51,5:32,12:43,4:20,7:50,9:27
Benghazi,6-12,3:51,5:32,12:43,4:20,7:50,9:27
Benghazi,6-11,3:51,5:32,12:43,4:20,7:49,9:26
Benghazi,6-10,3:51,5:32,12:43,4:19,7:49,9:26
Benghazi,6-9,3:51,5:32,12:42,4:19,7:48,9:25
Benghazi,6-8,3:52,5:32,12:42,4:19,7:48,9:25
Benghazi,6-7,3:52,5:33,12:42,4:19,7:48,9:24
Benghazi,6-6,3:52,5:33,12:42,4:19,7:47,9:23
Benghazi,6-5,3:53,5:33,12:42,4:19,7:47,9:23
Benghazi,6-4,3:53,5:33,12:42,4:18,7:46,9:22
Benghazi,6-3,3:53,5:33,12:41,4:18,7:46,9:21
Benghazi,6-2,3:54,5:33,12:41,4:18,7:45,9:21
Benghazi,6-1,3:54,5:34,12:41,4:18,7:44,9:20
Benghazi,5-31,3:55,5:34,12:41,4:18,7:44,9:19
Benghazi,5-30,3:55,5:34,12:41,4:18,7:43,9:18
Benghazi,5-29,3:56,5:35,12:41,4:18,7:43,9:17
Benghazi,5-28,3:56,5:35,12:41,4:17,7:42,9:17
Benghazi,5-27,3:57,5:35,12:40,4:17,7:41,9:16
Benghazi,5-26,3:58,5:36,12:40,4:17,7:41,9:15
Benghazi,5-25,3:58,5:36,12:40,4:17,7:40,9:14
Benghazi,5-24,3:59,5:37,12:40,4:17,7:40,9:13
Benghazi,5-23,4:00,5:37,12:40,4:17,7:39,9:12
Benghazi,5-22,4:01,5:38,12:40,4:17,7:38,9:11
Benghazi,5-21,4:01,5:38,12:40,4:17,7:38,9:10
Benghazi,5-20,4:02,5:39,12:40,4:17,7:37,9:09
Benghazi,5-19,4:03,5:39,12:40,4:17,7:36,9:08
Benghazi,5-18,4:04,5:40,12:40,4:17,7:36,9:07
Benghazi,5-17,4:05,5:40,12:40,4:17,7:35,9:06
Benghazi,5-16,4:06,5:41,12:40,4:16,7:34,9:05
Benghazi,5-15,4:07,5:42,12:40,4:16,7:33,9:04
Benghazi,5-14,4:08,5:42,12:40,4:16,7:33,9:03
Benghazi,5-13,4:09,5:43,12:40,4:16,7:32,9:02
Benghazi,5-12,4:10,5:44,12:40,4:16,7:31,9:01
Benghazi,5-11,4:11,5:45,12:40,4:16,7:31,9:00
Benghazi,5-10,4:12,5:45,12:40,4:16,7:30,8:59
Benghazi,5-9,4:14,5:46,12:40,4:16,7:29,8:58
Benghazi,5-8,4:14,5:47,12:40,4:16,7:28,8:57
Benghazi,5-7,4:15,5:48,12:40,4:16,7:28,8:56
Benghazi,5-6,4:16,5:49,12:40,4:16,7:27,8:55
Benghazi,5-5,4:17,5:49,12:40,4:16,7:26,8:54
Benghazi,5-4,4:18,5:50,12:40,4:16,7:25,8:53
Benghazi,5-3,4:20,5:51,12:40,4:16,7:25,8:52
Benghazi,5-2,4:21,5:52,12:40,4:16,7:24,8:51
Benghazi,5-1,4:22,5:53,12:40,4:16,7:23,8:50
Benghazi,4-30,4:23,5:54,12:40,4:16,7:23,8:49
Benghazi,4-29,4:25,5:55,12:40,4:16,7:22,8:48
Benghazi,4-28,4:26,5:56,12:41,4:16,7:21,8:47
Benghazi,4-27,4:27,5:57,12:41,4:16,7:20,8:46
Benghazi,4-26,4:28,5:58,12:41,4:16,7:20,8:45
Benghazi,4-25,4:30,5:59,12:41,4:16,7:19,8:44
Benghazi,4-24,4:31,6:00,12:41,4:16,7:18,8:43
Benghazi,4-23,4:32,6:01,12:41,4:16,7:18,8:42
Benghazi,4-22,4:34,6:02,12:42,4:16,7:17,8:41
Benghazi,4-21,4:35,6:03,12:42,4:16,7:16,8:40
Benghazi,4-20,4:36,6:04,12:42,4:16,7:15,8:40
Benghazi,4-19,4:38,6:06,12:42,4:16,7:15,8:39
Benghazi,4-18,4:39,6:07,12:42,4:16,7:14,8:38
Benghazi,4-17,4:41,6:08,12:43,4:16,7:13,8:37
Benghazi,4-16,4:42,6:09,12:43,4:16,7:13,8:36
Benghazi,4-15,4:43,6:10,12:43,4:16,7:12,8:35
Benghazi,4-14,4:45,6:11,12:43,4:16,7:11,8:34
Benghazi,4-13,4:46,6:13,12:44,4:16,7:11,8:33
Benghazi,4-12,4:48,6:14,12:44,4:16,7:10,8:32
Benghazi,4-11,4:49,6:15,12:44,4:16,7:09,8:31
Benghazi,4-10,4:50,6:16,12:44,4:16,7:09,8:30
Benghazi,4-9,4:52,6:17,12:45,4:16,7:08,8:30
Benghazi,4-8,4:53,6:19,12:45,4:16,7:07,8:29
Benghazi,4-7,4:55,6:20,12:45,4:16,7:07,8:28
Benghazi,4-6,4:56,6:21,12:46,4:16,7:06,8:27
Benghazi,4-5,4:57,6:22,12:46,4:16,7:05,8:26
Benghazi,4-4,4:59,6:24,12:46,4:16,7:05,8:25
Benghazi,4-3,5:00,6:25,12:46,4:16,7:04,8:25
Benghazi,4-2,5:02,6:26,12:47,4:16,7:03,8:24
Benghazi,4-1,5:03,6:28,12:47,4:15,7:03,8:23
Benghazi,3-31,5:05,6:29,12:47,4:15,7:02,8:22
Benghazi,3-30,5:06,6:30,12:48,4:15,7:01,8:21
Benghazi,3-29,5:07,6:32,12:48,4:15,7:01,8:21
Benghazi,3-28,5:09,6:33,12:48,4:15,7:00,8:20
Benghazi,3-27,5:10,6:34,12:49,4:15,6:59,8:19
Benghazi,3-26,5:12,6:35,12:49,4:15,6:59,8:18
Benghazi,3-25,5:13,6:37,12:49,4:15,6:58,8:17
Benghazi,3-24,5:15,6:38,12:50,4:15,6:57,8:17
Benghazi,3-23,5:16,6:39,12:50,4:14,6:56,8:16
Benghazi,3-22,5:17,6:41,12:50,4:14,6:56,8:15
Benghazi,3-21,5:19,6:42,12:51,4:14,6:55,8:14
Benghazi,3-20,5:20,6:43,12:51,4:14,6:54,8:14
Benghazi,3-19,5:21,6:45,12:51,4:14,6:54,8:13
Benghazi,3-18,5:23,6:46,12:52,4:14,6:53,8:12
Benghazi,3-17,5:24,6:47,12:52,4:13,6:52,8:11
Benghazi,3-16,5:26,6:48,12:52,4:13,6:52,8:11
Benghazi,3-15,5:27,6:50,12:52,4:13,6:51,8:10
Benghazi,3-14,5:28,6:51,12:53,4:13,6:50,8:09
Benghazi,3-13,5:30,6:52,12:53,4:12,6:50,8:08
Benghazi,3-12,5:31,6:54,12:53,4:12,6:49,8:08
Benghazi,3-11,5:32,6:55,12:54,4:12,6:48,8:07
Benghazi,3-10,5:33,6:56,12:54,4:12,6:48,8:06
Benghazi,3-9,5:35,6:57,12:54,4:11,6:47,8:06
Benghazi,3-8,5:36,6:59,12:54,4:11,6:46,8:05
Benghazi,3-7,5:37,7:00,12:55,4:11,6:45,8:04
Benghazi,3-6,5:38,7:01,12:55,4:10,6:45,8:03
Benghazi,3-5,5:40,7:02,12:55,4:10,6:44,8:03
Benghazi,3-4,5:41,7:04,12:55,4:10,6:43,8:02
Benghazi,3-3,5:42,7:05,12:56,4:09,6:42,8:01
Benghazi,3-2,5:43,7:06,12:56,4:09,6:42,8:01
Benghazi,3-1,5:44,7:07,12:56,4:08,6:41,8:00
Benghazi,2-29,5:45,7:08,12:56,4:08,6:40,7:59
Benghazi,2-28,5:45,7:08,12:56,4:08,6:40,7:59
Benghazi,2-27,5:46,7:09,12:56,4:08,6:39,7:58
Benghazi,2-26,5:48,7:11,12:57,4:07,6:39,7:58
Benghazi,2-25,5:49,7:12,12:57,4:07,6:38,7:57
Benghazi,2-24,5:50,7:13,12:57,4:06,6:37,7:56
Benghazi,2-23,5:51,7:14,12:57,4:06,6:36,7:55
Benghazi,2-22,5:52,7:15,12:57,4:05,6:35,7:55
Benghazi,2-21,5:53,7:16,12:57,4:05,6:34,7:54
Benghazi,2-20,5:54,7:17,12:57,4:04,6:34,7:53
Benghazi,2-19,5:55,7:18,12:57,4:04,6:33,7:52
Benghazi,2-18,5:55,7:19,12:58,4:03,6:32,7:52
Benghazi,2-17,5:56,7:20,12:58,4:02,6:31,7:51
Benghazi,2-16,5:57,7:21,12:58,4:02,6:30,7:50
Benghazi,2-15,5:58,7:22,12:58,4:01,6:29,7:49
Benghazi,2-14,5:59,7:23,12:58,4:01,6:29,7:49
Benghazi,2-13,6:00,7:24,12:58,4:00,6:28,7:48
Benghazi,2-12,6:01,7:25,12:58,3:59,6:27,7:47
Benghazi,2-11,6:01,7:26,12:58,3:59,6:26,7:46
Benghazi,2-10,6:02,7:27,12:58,3:58,6:25,7:45
Benghazi,2-9,6:03,7:27,12:58,3:57,6:24,7:45
Benghazi,2-8,6:03,7:28,12:58,3:57,6:23,7:44
Benghazi,2-7,6:04,7:29,12:58,3:56,6:22,7:43
Benghazi,2-6,6:05,7:30,12:58,3:55,6:21,7:42
Benghazi,2-5,6:05,7:31,12:57,3:54,6:20,7:42
Benghazi,2-4,6:06,7:31,12:57,3:54,6:20,7:41
Benghazi,2-3,6:07,7:32,12:57,3:53,6:19,7:40
Benghazi,2-2,6:07,7:33,12:57,3:52,6:18,7:39
Benghazi,2-1,6:08,7:33,12:57,3:51,6:17,7:38
Benghazi,1-31,6:08,7:34,12:57,3:51,6:16,7:38
Benghazi,1-30,6:09,7:34,12:57,3:50,6:15,7:37
Benghazi,1-29,6:09,7:35,12:56,3:49,6:14,7:36
Benghazi,1-28,6:09,7:36,12:56,3:48,6:13,7:35
Benghazi,1-27,6:10,7:36,12:56,3:47,6:12,7:34
Benghazi,1-26,6:10,7:37,12:56,3:47,6:11,7:34
Benghazi,1-25,6:11,7:37,12:56,3:46,6:10,7:33
Benghazi,1-24,6:11,7:38,12:55,3:45,6:09,7:32
Benghazi,1-23,6:11,7:38,12:55,3:44,6:08,7:31
Benghazi,1-22,6:11,7:38,12:55,3:43,6:07,7:30
Benghazi,1-21,6:12,7:39,12:55,3:43,6:06,7:29
Benghazi,1-20,6:12,7:39,12:54,3:42,6:05,7:29
Benghazi,1-19,6:12,7:39,12:54,3:41,6:05,7:28
Benghazi,1-18,6:12,7:40,12:54,3:40,6:04,7:27
Benghazi,1-17,6:12,7:40,12:53,3:39,6:03,7:26
Benghazi,1-16,6:12,7:40,12:53,3:38,6:02,7:26
Benghazi,1-15,6:12,7:40,12:53,3:38,6:01,7:25
Benghazi,1-14,6:12,7:40,12:52,3:37,6:00,7:24
Benghazi,1-13,6:13,7:41,12:52,3:36,5:59,7:23
Benghazi,1-12,6:13,7:41,12:51,3:35,5:58,7:22
Benghazi,1-11,6:12,7:41,12:51,3:34,5:57,7:22
Benghazi,1-10,6:12,7:41,12:51,3:34,5:56,7:21
Benghazi,1-9,6:12,7:41,12:50,3:33,5:56,7:20
Benghazi,1-8,6:12,7:41,12:50,3:32,5:55,7:19
Benghazi,1-7,6:12,7:41,12:49,3:31,5:54,7:19
Benghazi,1-6,6:12,7:41,12:49,3:31,5:53,7:18
Benghazi,1-5,6:12,7:41,12:49,3:30,5:52,7:17
Benghazi,1-4,6:12,7:41,12:48,3:29,5:52,7:17
Benghazi,1-3,6:11,7:40,12:48,3:28,5:51,7:16
Benghazi,1-2,6:11,7:40,12:47,3:28,5:50,7:15
Benghazi,1-1,6:11,7:40,12:47,3:27,5:49,7:15
Ejdabya,12-31,6:08,7:36,12:46,3:29,5:51,7:15
Ejdabya,12-30,6:08,7:36,12:45,3:28,5:50,7:14
Ejdabya,12-29,6:07,7:35,12:45,3:27,5:50,7:14
Ejdabya,12-28,6:07,7:35,12:44,3:27,5:49,7:13
Ejdabya,12-27,6:07,7:35,12:44,3:26,5:49,7:13
Ejdabya,12-26,6:06,7:34,12:43,3:26,5:48,7:12
Ejdabya,12-25,6:06,7:34,12:43,3:25,5:47,7:12
Ejdabya,12-24,6:05,7:34,12:42,3:24,5:47,7:11
Ejdabya,12-23,6:05,7:33,12:42,3:24,5:46,7:10
Ejdabya,12-22,6:04,7:33,12:41,3:23,5:46,7:10
Ejdabya,12-21,6:04,7:32,12:41,3:23,5:45,7:09
Ejdabya,12-20,6:04,7:32,12:40,3:23,5:45,7:09
Ejdabya,12-19,6:03,7:31,12:40,3:22,5:44,7:09
Ejdabya,12-18,6:02,7:31,12:39,3:22,5:44,7:08
Ejdabya,12-17,6:02,7:30,12:39,3:21,5:44,7:08
Ejdabya,12-16,6:01,7:29,12:38,3:21,5:43,7:07
Ejdabya,12-15,6:01,7:29,12:38,3:21,5:43,7:07
Ejdabya,12-14,6:00,7:28,12:37,3:20,5:43,7:07
Ejdabya,12-13,6:00,7:28,12:37,3:20,5:42,7:06
Ejdabya,12-12,5:59,7:27,12:36,3:20,5:42,7:06
Ejdabya,12-11,5:58,7:26,12:36,3:19,5:42,7:06
Ejdabya,12-10,5:58,7:26,12:36,3:19,5:42,7:05
Ejdabya,12-9,5:57,7:25,12:35,3:19,5:41,7:05
Ejdabya,12-8,5:56,7:24,12:35,3:19,5:41,7:05
Ejdabya,12-7,5:56,7:23,12:34,3:19,5:41,7:05
Ejdabya,12-6,5:55,7:23,12:34,3:18,5:41,7:05
Ejdabya,12-5,5:54,7:22,12:33,3:18,5:41,7:04
Ejdabya,12-4,5:54,7:21,12:33,3:18,5:41,7:04
Ejdabya,12-3,5:53,7:20,12:33,3:18,5:41,7:04
Ejdabya,12-2,5:52,7:19,12:32,3:18,5:41,7:04
Ejdabya,12-1,5:52,7:19,12:32,3:18,5:41,7:04
Ejdabya,11-30,5:51,7:18,12:31,3:18,5:41,7:04
Ejdabya,11-29,5:50,7:17,12:31,3:18,5:41,7:04
Ejdabya,11-28,5:50,7:16,12:31,3:18,5:41,7:04
Ejdabya,11-27,5:49,7:15,12:30,3:18,5:41,7:04
Ejdabya,11-26,5:48,7:15,12:30,3:18,5:42,7:04
Ejdabya,11-25,5:47,7:14,12:30,3:18,5:42,7:04
Ejdabya,11-24,5:47,7:13,12:29,3:19,5:42,7:04
Ejdabya,11-23,5:46,7:12,12:29,3:19,5:42,7:05
Ejdabya,11-22,5:45,7:11,12:29,3:19,5:43,7:05
Ejdabya,11-21,5:44,7:10,12:29,3:19,5:43,7:05
Ejdabya,11-20,5:44,7:09,12:28,3:19,5:43,7:05
Ejdabya,11-19,5:43,7:09,12:28,3:20,5:44,7:05
Ejdabya,11-18,5:42,7:08,12:28,3:20,5:44,7:06
Ejdabya,11-17,5:41,7:07,12:28,3:20,5:45,7:06
Ejdabya,11-16,5:41,7:06,12:27,3:21,5:45,7:06
Ejdabya,11-15,5:40,7:05,12:27,3:21,5:46,7:07
Ejdabya,11-14,5:39,7:04,12:27,3:21,5:46,7:07
Ejdabya,11-13,5:39,7:03,12:27,3:22,5:47,7:07
Ejdabya,11-12,5:38,7:02,12:27,3:22,5:47,7:08
Ejdabya,11-11,5:37,7:02,12:27,3:22,5:48,7:08
Ejdabya,11-10,5:36,7:01,12:27,3:23,5:48,7:09
Ejdabya,11-9,5:36,7:00,12:26,3:23,5:49,7:09
Ejdabya,11-8,5:35,6:59,12:26,3:24,5:50,7:10
Ejdabya,11-7,5:34,6:58,12:26,3:24,5:50,7:10
Ejdabya,11-6,5:34,6:57,12:26,3:25,5:51,7:11
Ejdabya,11-5,5:33,6:57,12:26,3:25,5:52,7:12
Ejdabya,11-4,5:32,6:56,12:26,3:26,5:52,7:12
Ejdabya,11-3,5:31,6:55,12:26,3:27,5:53,7:13
Ejdabya,11-2,5:31,6:54,12:26,3:27,5:54,7:13
Ejdabya,11-1,5:30,6:53,12:26,3:28,5:55,7:14
Ejdabya,10-31,5:29,6:53,12:26,3:28,5:56,7:15
Ejdabya,10-30,5:29,6:52,12:26,3:29,5:57,7:16
Ejdabya,10-29,5:28,6:51,12:26,3:30,5:57,7:16
Ejdabya,10-28,5:27,6:50,12:26,3:30,5:58,7:17
Ejdabya,10-27,5:27,6:49,12:26,3:31,5:59,7:18
Ejdabya,10-26,5:26,6:49,12:26,3:32,6:00,7:19
Ejdabya,10-25,5:25,6:48,12:27,3:32,6:01,7:20
Ejdabya,10-24,5:25,6:47,12:27,3:33,6:02,7:21
Ejdabya,10-23,5:24,6:46,12:27,3:34,6:03,7:22
Ejdabya,10-22,5:23,6:46,12:27,3:35,6:04,7:22
Ejdabya,10-21,5:23,6:45,12:27,3:35,6:05,7:23
Ejdabya,10-20,5:22,6:44,12:27,3:36,6:06,7:24
Ejdabya,10-19,5:21,6:44,12:27,3:37,6:07,7:25
Ejdabya,10-18,5:21,6:43,12:28,3:38,6:08,7:26
Ejdabya,10-17,5:20,6:42,12:28,3:38,6:09,7:27
Ejdabya,10-16,5:20,6:41,12:28,3:39,6:11,7:28
Ejdabya,10-15,5:19,6:41,12:28,3:40,6:12,7:29
Ejdabya,10-14,5:18,6:40,12:28,3:41,6:13,7:31
Ejdabya,10-13,5:18,6:39,12:29,3:42,6:14,7:32
Ejdabya,10-12,5:17,6:39,12:29,3:43,6:15,7:33
Ejdabya,10-11,5:16,6:38,12:29,3:43,6:16,7:34
Ejdabya,10-10,5:16,6:37,12:29,3:44,6:17,7:35
Ejdabya,10-9,5:15,6:37,12:30,3:45,6:19,7:36
Ejdabya,10-8,5:15,6:36,12:30,3:46,6:20,7:37
Ejdabya,10-7,5:14,6:36,12:30,3:47,6:21,7:39
Ejdabya,10-6,5:13,6:35,12:31,3:47,6:22,7:40
Ejdabya,10-5,5:13,6:34,12:31,3:48,6:23,7:41
Ejdabya,10-4,5:12,6:34,12:31,3:49,6:25,7:42
Ejdabya,10-3,5:12,6:33,12:32,3:50,6:26,7:44
Ejdabya,10-2,5:11,6:33,12:32,3:51,6:27,7:45
Ejdabya,10-1,5:10,6:32,12:32,3:52,6:28,7:46
Ejdabya,9-30,5:10,6:31,12:33,3:52,6:30,7:47
Ejdabya,9-29,5:09,6:31,12:33,3:53,6:31,7:49
Ejdabya,9-28,5:09,6:30,12:33,3:54,6:32,7:50
Ejdabya,9-27,5:08,6:30,12:34,3:55,6:34,7:51
Ejdabya,9-26,5:07,6:29,12:34,3:56,6:35,7:53
Ejdabya,9-25,5:07,6:28,12:34,3:57,6:36,7:54
Ejdabya,9-24,5:06,6:28,12:35,3:57,6:37,7:55
Ejdabya,9-23,5:05,6:27,12:35,3:58,6:39,7:57
Ejdabya,9-22,5:05,6:27,12:35,3:59,6:40,7:58
Ejdabya,9-21,5:04,6:26,12:36,4:00,6:41,7:59
Ejdabya,9-20,5:04,6:26,12:36,4:01,6:43,8:01
Ejdabya,9-19,5:03,6:25,12:36,4:01,6:44,8:02
Ejdabya,9-18,5:02,6:25,12:37,4:02,6:45,8:03
Ejdabya,9-17,5:02,6:24,12:37,4:03,6:46,8:05
Ejdabya,9-16,5:01,6:23,12:38,4:04,6:48,8:06
Ejdabya,9-15,5:00,6:23,12:38,4:04,6:49,8:08
Ejdabya,9-14,5:00,6:22,12:38,4:05,6:50,8:09
Ejdabya,9-13,4:59,6:22,12:39,4:06,6:52,8:10
Ejdabya,9-12,4:58,6:21,12:39,4:07,6:53,8:12
Ejdabya,9-11,4:58,6:21,12:39,4:07,6:54,8:13
Ejdabya,9-10,4:58,6:21,12:39,4:07,6:54,8:13
Ejdabya,9-9,4:56,6:20,12:40,4:09,6:57,8:16
Ejdabya,9-8,4:56,6:19,12:41,4:09,6:58,8:17
Ejdabya,9-7,4:55,6:18,12:41,4:10,6:59,8:19
Ejdabya,9-6,4:54,6:18,12:41,4:11,7:01,8:20
Ejdabya,9-5,4:53,6:17,12:42,4:11,7:02,8:22
Ejdabya,9-4,4:53,6:17,12:42,4:12,7:03,8:23
Ejdabya,9-3,4:52,6:16,12:42,4:12,7:04,8:24
Ejdabya,9-2,4:51,6:16,12:43,4:13,7:05,8:26
Ejdabya,9-1,4:50,6:15,12:43,4:14,7:07,8:27
Ejdabya,8-31,4:50,6:15,12:43,4:14,7:08,8:29
Ejdabya,8-30,4:49,6:14,12:43,4:15,7:09,8:30
Ejdabya,8-29,4:48,6:13,12:44,4:15,7:10,8:31
Ejdabya,8-28,4:47,6:13,12:44,4:16,7:11,8:33
Ejdabya,8-27,4:47,6:12,12:44,4:16,7:13,8:34
Ejdabya,8-26,4:46,6:12,12:45,4:17,7:14,8:35
Ejdabya,8-25,4:45,6:11,12:45,4:17,7:15,8:37
Ejdabya,8-24,4:44,6:10,12:45,4:18,7:16,8:38
Ejdabya,8-23,4:43,6:10,12:45,4:18,7:17,8:40
Ejdabya,8-22,4:43,6:09,12:46,4:18,7:18,8:41
Ejdabya,8-21,4:42,6:09,12:46,4:19,7:19,8:42
Ejdabya,8-20,4:41,6:08,12:46,4:19,7:20,8:43
Ejdabya,8-19,4:40,6:07,12:46,4:19,7:21,8:45
Ejdabya,8-18,4:39,6:07,12:47,4:20,7:22,8:46
Ejdabya,8-17,4:38,6:06,12:47,4:20,7:23,8:47
Ejdabya,8-16,4:37,6:06,12:47,4:20,7:25,8:49
Ejdabya,8-15,4:37,6:05,12:47,4:21,7:26,8:50
Ejdabya,8-14,4:36,6:04,12:47,4:21,7:26,8:51
Ejdabya,8-13,4:35,6:04,12:48,4:21,7:27,8:52
Ejdabya,8-12,4:34,6:03,12:48,4:22,7:28,8:53
Ejdabya,8-11,4:33,6:02,12:48,4:22,7:29,8:55
Ejdabya,8-10,4:32,6:02,12:48,4:22,7:30,8:56
Ejdabya,8-9,4:31,6:01,12:48,4:22,7:31,8:57
Ejdabya,8-8,4:30,6:00,12:48,4:22,7:32,8:58
Ejdabya,8-7,4:29,6:00,12:48,4:22,7:33,8:59
Ejdabya,8-6,4:29,5:59,12:48,4:23,7:34,9:00
Ejdabya,8-5,4:28,5:59,12:49,4:23,7:35,9:01
Ejdabya,8-4,4:27,5:58,12:49,4:23,7:35,9:03
Ejdabya,8-3,4:26,5:57,12:49,4:23,7:36,9:04
Ejdabya,8-2,4:25,5:57,12:49,4:23,7:37,9:05
Ejdabya,8-1,4:24,5:56,12:49,4:23,7:38,9:06
Ejdabya,7-31,4:23,5:55,12:49,4:23,7:38,9:07
Ejdabya,7-30,4:22,5:55,12:49,4:23,7:39,9:08
Ejdabya,7-29,4:21,5:54,12:49,4:23,7:40,9:09
Ejdabya,7-28,4:20,5:53,12:49,4:23,7:40,9:09
Ejdabya,7-27,4:20,5:53,12:49,4:23,7:41,9:10
Ejdabya,7-26,4:19,5:52,12:49,4:23,7:42,9:11
Ejdabya,7-25,4:18,5:52,12:49,4:23,7:42,9:12
Ejdabya,7-24,4:17,5:51,12:49,4:23,7:43,9:13
Ejdabya,7-23,4:16,5:50,12:49,4:23,7:43,9:14
Ejdabya,7-22,4:15,5:50,12:49,4:23,7:44,9:14
Ejdabya,7-21,4:14,5:49,12:49,4:23,7:44,9:15
Ejdabya,7-20,4:13,5:49,12:49,4:23,7:45,9:16
Ejdabya,7-19,4:13,5:48,12:49,4:23,7:45,9:17
Ejdabya,7-18,4:12,5:47,12:49,4:23,7:46,9:17
Ejdabya,7-17,4:11,5:47,12:48,4:22,7:46,9:18
Ejdabya,7-16,4:10,5:46,12:48,4:22,7:46,9:19
Ejdabya,7-15,4:09,5:46,12:48,4:22,7:47,9:19
Ejdabya,7-14,4:09,5:45,12:48,4:22,7:47,9:20
Ejdabya,7-13,4:08,5:45,12:48,4:22,7:47,9:20
Ejdabya,7-12,4:07,5:44,12:48,4:22,7:48,9:21
Ejdabya,7-11,4:06,5:44,12:48,4:22,7:48,9:21
Ejdabya,7-10,4:06,5:43,12:48,4:21,7:48,9:22
Ejdabya,7-9,4:05,5:42,12:48,4:21,7:49,9:22
Ejdabya,7-8,4:04,5:42,12:47,4:21,7:49,9:22
Ejdabya,7-7,4:04,5:42,12:47,4:21,7:49,9:23
Ejdabya,7-6,4:03,5:41,12:47,4:21,7:49,9:23
Ejdabya,7-5,4:02,5:41,12:47,4:20,7:49,9:23
Ejdabya,7-4,4:02,5:40,12:47,4:20,7:49,9:24
Ejdabya,7-3,4:01,5:40,12:47,4:20,7:49,9:24
Ejdabya,7-2,4:01,5:39,12:46,4:20,7:49,9:24
Ejdabya,7-1,4:00,5:39,12:46,4:20,7:49,9:24
Ejdabya,6-30,4:00,5:39,12:46,4:19,7:49,9:24
Ejdabya,6-29,3:59,5:38,12:46,4:19,7:49,9:24
Ejdabya,6-28,3:59,5:38,12:46,4:19,7:49,9:24
Ejdabya,6-27,3:59,5:38,12:45,4:19,7:49,9:24
Ejdabya,6-26,3:58,5:37,12:45,4:19,7:49,9:24
Ejdabya,6-25,3:58,5:37,12:45,4:18,7:49,9:24
Ejdabya,6-24,3:58,5:37,12:45,4:18,7:49,9:24
Ejdabya,6-23,3:57,5:36,12:45,4:18,7:49,9:24
Ejdabya,6-22,3:57,5:36,12:44,4:18,7:49,9:24
Ejdabya,6-21,3:57,5:36,12:44,4:18,7:48,9:24
Ejdabya,6-20,3:57,5:36,12:44,4:17,7:48,9:23
Ejdabya,6-19,3:56,5:36,12:44,4:17,7:48,9:23
Ejdabya,6-18,3:56,5:35,12:44,4:17,7:48,9:23
Ejdabya,6-17,3:56,5:35,12:43,4:17,7:47,9:23
Ejdabya,6-16,3:56,5:35,12:43,4:17,7:47,9:22
Ejdabya,6-15,3:56,5:35,12:43,4:16,7:47,9:22
Ejdabya,6-14,3:56,5:35,12:43,4:16,7:46,9:21
Ejdabya,6-13,3:56,5:35,12:43,4:16,7:46,9:21
Ejdabya,6-12,3:56,5:35,12:42,4:16,7:46,9:21
Ejdabya,6-11,3:56,5:35,12:42,4:16,7:45,9:20
Ejdabya,6-10,3:57,5:35,12:42,4:15,7:45,9:19
Ejdabya,6-9,3:57,5:35,12:42,4:15,7:45,9:19
Ejdabya,6-8,3:57,5:35,12:42,4:15,7:44,9:18
Ejdabya,6-7,3:57,5:35,12:41,4:15,7:44,9:18
Ejdabya,6-6,3:57,5:35,12:41,4:15,7:43,9:17
Ejdabya,6-5,3:58,5:36,12:41,4:15,7:43,9:17
Ejdabya,6-4,3:58,5:36,12:41,4:15,7:42,9:16
Ejdabya,6-3,3:58,5:36,12:41,4:14,7:42,9:15
Ejdabya,6-2,3:59,5:36,12:41,4:14,7:41,9:14
Ejdabya,6-1,3:59,5:36,12:40,4:14,7:41,9:14
Ejdabya,5-31,4:00,5:37,12:40,4:14,7:40,9:13
Ejdabya,5-30,4:00,5:37,12:40,4:14,7:40,9:12
Ejdabya,5-29,4:01,5:37,12:40,4:14,7:39,9:11
Ejdabya,5-28,4:01,5:37,12:40,4:14,7:38,9:11
Ejdabya,5-27,4:02,5:38,12:40,4:14,7:38,9:10
Ejdabya,5-26,4:02,5:38,12:40,4:14,7:37,9:09
Ejdabya,5-25,4:03,5:39,12:40,4:14,7:37,9:08
Ejdabya,5-24,4:04,5:39,12:39,4:14,7:36,9:07
Ejdabya,5-23,4:04,5:39,12:39,4:14,7:35,9:06
Ejdabya,5-22,4:05,5:40,12:39,4:13,7:35,9:06
Ejdabya,5-21,4:06,5:40,12:39,4:13,7:34,9:05
Ejdabya,5-20,4:07,5:41,12:39,4:13,7:33,9:04
Ejdabya,5-19,4:07,5:41,12:39,4:13,7:33,9:03
Ejdabya,5-18,4:08,5:42,12:39,4:13,7:32,9:02
Ejdabya,5-17,4:09,5:43,12:39,4:13,7:31,9:01
Ejdabya,5-16,4:10,5:43,12:39,4:13,7:31,9:00
Ejdabya,5-15,4:11,5:44,12:39,4:13,7:30,8:59
Ejdabya,5-14,4:12,5:44,12:39,4:13,7:29,8:58
Ejdabya,5-13,4:13,5:45,12:39,4:13,7:29,8:57
Ejdabya,5-12,4:14,5:46,12:39,4:13,7:28,8:56
Ejdabya,5-11,4:15,5:46,12:39,4:13,7:27,8:55
Ejdabya,5-10,4:16,5:47,12:39,4:13,7:27,8:54
Ejdabya,5-9,4:17,5:48,12:39,4:13,7:26,8:53
Ejdabya,5-8,4:18,5:49,12:39,4:13,7:25,8:52
Ejdabya,5-7,4:19,5:49,12:39,4:13,7:25,8:52
Ejdabya,5-6,4:20,5:50,12:39,4:13,7:24,8:51
Ejdabya,5-5,4:21,5:51,12:39,4:13,7:23,8:50
Ejdabya,5-4,4:22,5:52,12:39,4:13,7:23,8:49
Ejdabya,5-3,4:23,5:53,12:39,4:13,7:22,8:48
Ejdabya,5-2,4:24,5:54,12:39,4:13,7:21,8:47
Ejdabya,5-1,4:25,5:55,12:40,4:13,7:21,8:46
Ejdabya,4-30,4:27,5:55,12:40,4:13,7:20,8:45
Ejdabya,4-29,4:28,5:56,12:40,4:13,7:19,8:44
Ejdabya,4-28,4:29,5:57,12:40,4:14,7:19,8:43
Ejdabya,4-27,4:30,5:58,12:40,4:14,7:18,8:42
Ejdabya,4-26,4:31,5:59,12:40,4:14,7:17,8:41
Ejdabya,4-25,4:33,6:00,12:40,4:14,7:17,8:40
Ejdabya,4-24,4:34,6:01,12:41,4:14,7:16,8:39
Ejdabya,4-23,4:35,6:02,12:41,4:14,7:15,8:38
Ejdabya,4-22,4:36,6:03,12:41,4:14,7:15,8:38
Ejdabya,4-21,4:38,6:04,12:41,4:14,7:14,8:37
Ejdabya,4-20,4:39,6:05,12:41,4:14,7:13,8:36
Ejdabya,4-19,4:40,6:06,12:42,4:14,7:13,8:35
Ejdabya,4-18,4:42,6:08,12:42,4:14,7:12,8:34
Ejdabya,4-17,4:43,6:09,12:42,4:14,7:11,8:33
Ejdabya,4-16,4:44,6:10,12:42,4:14,7:11,8:32
Ejdabya,4-15,4:46,6:11,12:42,4:14,7:10,8:31
Ejdabya,4-14,4:47,6:12,12:43,4:14,7:09,8:31
Ejdabya,4-13,4:48,6:13,12:43,4:14,7:09,8:30
Ejdabya,4-12,4:50,6:14,12:43,4:14,7:08,8:29
Ejdabya,4-11,4:51,6:16,12:44,4:14,7:07,8:28
Ejdabya,4-10,4:52,6:17,12:44,4:14,7:07,8:27
Ejdabya,4-9,4:54,6:18,12:44,4:14,7:06,8:26
Ejdabya,4-8,4:55,6:19,12:44,4:14,7:06,8:26
Ejdabya,4-7,4:56,6:20,12:45,4:14,7:05,8:25
Ejdabya,4-6,4:58,6:22,12:45,4:14,7:04,8:24
Ejdabya,4-5,4:59,6:23,12:45,4:14,7:04,8:23
Ejdabya,4-4,5:00,6:24,12:46,4:14,7:03,8:23
Ejdabya,4-3,5:02,6:25,12:46,4:14,7:02,8:22
Ejdabya,4-2,5:03,6:26,12:46,4:14,7:02,8:21
Ejdabya,4-1,5:05,6:28,12:46,4:14,7:01,8:20
Ejdabya,3-31,5:06,6:29,12:47,4:14,7:01,8:20
Ejdabya,3-30,5:07,6:30,12:47,4:14,7:00,8:19
Ejdabya,3-29,5:09,6:31,12:47,4:14,6:59,8:18
Ejdabya,3-28,5:10,6:33,12:48,4:14,6:59,8:17
Ejdabya,3-27,5:11,6:34,12:48,4:14,6:58,8:17
Ejdabya,3-26,5:13,6:35,12:48,4:14,6:58,8:16
Ejdabya,3-25,5:14,6:36,12:49,4:14,6:57,8:15
Ejdabya,3-24,5:15,6:38,12:49,4:14,6:56,8:15
Ejdabya,3-23,5:17,6:39,12:49,4:14,6:56,8:14
Ejdabya,3-22,5:18,6:40,12:50,4:14,6:55,8:13
Ejdabya,3-21,5:19,6:41,12:50,4:14,6:54,8:12
Ejdabya,3-20,5:21,6:43,12:50,4:13,6:54,8:12
Ejdabya,3-19,5:22,6:44,12:51,4:13,6:53,8:11
Ejdabya,3-18,5:23,6:45,12:51,4:13,6:53,8:10
Ejdabya,3-17,5:25,6:46,12:51,4:13,6:52,8:10
Ejdabya,3-16,5:26,6:48,12:52,4:13,6:51,8:09
Ejdabya,3-15,5:27,6:49,12:52,4:13,6:51,8:08
Ejdabya,3-14,5:29,6:50,12:52,4:12,6:50,8:08
Ejdabya,3-13,5:30,6:51,12:52,4:12,6:49,8:07
Ejdabya,3-12,5:31,6:53,12:53,4:12,6:49,8:06
Ejdabya,3-11,5:32,6:54,12:53,4:12,6:48,8:06
Ejdabya,3-10,5:34,6:55,12:53,4:12,6:47,8:05
Ejdabya,3-9,5:35,6:56,12:54,4:11,6:47,8:04
Ejdabya,3-8,5:36,6:57,12:54,4:11,6:46,8:04
Ejdabya,3-7,5:37,6:59,12:54,4:11,6:45,8:03
Ejdabya,3-6,5:38,7:00,12:54,4:10,6:45,8:02
Ejdabya,3-5,5:39,7:01,12:55,4:10,6:44,8:02
Ejdabya,3-4,5:41,7:02,12:55,4:10,6:43,8:01
Ejdabya,3-3,5:42,7:03,12:55,4:09,6:43,8:00
Ejdabya,3-2,5:43,7:04,12:55,4:09,6:42,8:00
Ejdabya,3-1,5:44,7:06,12:55,4:09,6:41,7:59
Ejdabya,2-29,5:45,7:07,12:56,4:08,6:40,7:58
Ejdabya,2-28,5:45,7:07,12:56,4:08,6:40,7:58
Ejdabya,2-27,5:46,7:08,12:56,4:08,6:40,7:58
Ejdabya,2-26,5:47,7:09,12:56,4:08,6:39,7:57
Ejdabya,2-25,5:48,7:10,12:56,4:07,6:38,7:56
Ejdabya,2-24,5:49,7:11,12:56,4:07,6:38,7:56
Ejdabya,2-23,5:50,7:12,12:56,4:06,6:37,7:55
Ejdabya,2-22,5:51,7:13,12:57,4:06,6:36,7:54
Ejdabya,2-21,5:52,7:14,12:57,4:05,6:35,7:53
Ejdabya,2-20,5:53,7:15,12:57,4:05,6:34,7:53
Ejdabya,2-19,5:54,7:16,12:57,4:04,6:34,7:52
Ejdabya,2-18,5:55,7:17,12:57,4:04,6:33,7:51
Ejdabya,2-17,5:55,7:18,12:57,4:03,6:32,7:51
Ejdabya,2-16,5:56,7:19,12:57,4:03,6:31,7:50
Ejdabya,2-15,5:57,7:20,12:57,4:02,6:30,7:49
Ejdabya,2-14,5:58,7:21,12:57,4:02,6:30,7:48
Ejdabya,2-13,5:59,7:22,12:57,4:01,6:29,7:48
Ejdabya,2-12,5:59,7:22,12:57,4:00,6:28,7:47
Ejdabya,2-11,6:00,7:23,12:57,4:00,6:27,7:46
Ejdabya,2-10,6:01,7:24,12:57,3:59,6:26,7:46
Ejdabya,2-9,6:02,7:25,12:57,3:58,6:25,7:45
Ejdabya,2-8,6:02,7:26,12:57,3:58,6:25,7:44
Ejdabya,2-7,6:03,7:26,12:57,3:57,6:24,7:43
Ejdabya,2-6,6:03,7:27,12:57,3:56,6:23,7:43
Ejdabya,2-5,6:04,7:28,12:57,3:56,6:22,7:42
Ejdabya,2-4,6:05,7:29,12:57,3:55,6:21,7:41
Ejdabya,2-3,6:05,7:29,12:57,3:54,6:20,7:40
Ejdabya,2-2,6:06,7:30,12:57,3:54,6:19,7:40
Ejdabya,2-1,6:06,7:30,12:56,3:53,6:18,7:39
Ejdabya,1-31,6:06,7:31,12:56,3:52,6:17,7:38
Ejdabya,1-30,6:07,7:32,12:56,3:51,6:17,7:37
Ejdabya,1-29,6:07,7:32,12:56,3:51,6:16,7:36
Ejdabya,1-28,6:08,7:33,12:56,3:50,6:15,7:36
Ejdabya,1-27,6:08,7:33,12:55,3:49,6:14,7:35
Ejdabya,1-26,6:08,7:34,12:55,3:48,6:13,7:34
Ejdabya,1-25,6:09,7:34,12:55,3:48,6:12,7:33
Ejdabya,1-24,6:09,7:34,12:55,3:47,6:11,7:33
Ejdabya,1-23,6:09,7:35,12:55,3:46,6:10,7:32
Ejdabya,1-22,6:09,7:35,12:54,3:45,6:09,7:31
Ejdabya,1-21,6:10,7:35,12:54,3:45,6:08,7:30
Ejdabya,1-20,6:10,7:36,12:54,3:44,6:08,7:30
Ejdabya,1-19,6:10,7:36,12:53,3:43,6:07,7:29
Ejdabya,1-18,6:10,7:36,12:53,3:42,6:06,7:28
Ejdabya,1-17,6:10,7:36,12:53,3:41,6:05,7:27
Ejdabya,1-16,6:10,7:37,12:52,3:41,6:04,7:26
Ejdabya,1-15,6:10,7:37,12:52,3:40,6:03,7:26
Ejdabya,1-14,6:10,7:37,12:52,3:39,6:02,7:25
Ejdabya,1-13,6:10,7:37,12:51,3:38,6:01,7:24
Ejdabya,1-12,6:10,7:37,12:51,3:37,6:01,7:23
Ejdabya,1-11,6:10,7:37,12:50,3:37,6:00,7:23
Ejdabya,1-10,6:10,7:37,12:50,3:36,5:59,7:22
Ejdabya,1-9,6:10,7:37,12:50,3:35,5:58,7:21
Ejdabya,1-8,6:10,7:37,12:49,3:34,5:57,7:21
Ejdabya,1-7,6:10,7:37,12:49,3:34,5:56,7:20
Ejdabya,1-6,6:10,7:37,12:48,3:33,5:56,7:19
Ejdabya,1-5,6:09,7:37,12:48,3:32,5:55,7:18
Ejdabya,1-4,6:09,7:37,12:48,3:32,5:54,7:18
Ejdabya,1-3,6:09,7:37,12:47,3:31,5:53,7:17
Ejdabya,1-2,6:09,7:37,12:47,3:30,5:53,7:16
Ejdabya,1-1,6:08,7:36,12:46,3:29,5:52,7:16
Khumes,12-31,6:34,8:04,1:09,3:48,6:10,7:36
Khumes,12-30,6:34,8:04,1:09,3:48,6:10,7:36
Khumes,12-29,6:34,8:04,1:08,3:47,6:09,7:35
Khumes,12-28,6:33,8:03,1:08,3:46,6:08,7:34
Khumes,12-27,6:33,8:03,1:07,3:46,6:08,7:34
Khumes,12-26,6:33,8:03,1:07,3:45,6:07,7:33
Khumes,12-25,6:32,8:02,1:06,3:45,6:07,7:33
Khumes,12-24,6:32,8:02,1:06,3:44,6:06,7:32
Khumes,12-23,6:31,8:02,1:06,3:43,6:06,7:32
Khumes,12-22,6:31,8:01,1:05,3:43,6:05,7:31
Khumes,12-21,6:30,8:01,1:05,3:42,6:05,7:31
Khumes,12-20,6:30,8:00,1:04,3:42,6:04,7:30
Khumes,12-19,6:29,8:00,1:04,3:42,6:04,7:30
Khumes,12-18,6:29,7:59,1:03,3:41,6:03,7:29
Khumes,12-17,6:28,7:58,1:03,3:41,6:03,7:29
Khumes,12-16,6:28,7:58,1:02,3:40,6:03,7:29
Khumes,12-15,6:27,7:57,1:02,3:40,6:02,7:28
Khumes,12-14,6:27,7:57,1:01,3:40,6:02,7:28
Khumes,12-13,6:26,7:56,1:01,3:39,6:02,7:28
Khumes,12-12,6:25,7:55,1:00,3:39,6:01,7:27
Khumes,12-11,6:25,7:54,1:00,3:39,6:01,7:27
Khumes,12-10,6:24,7:54,12:59,3:39,6:01,7:27
Khumes,12-9,6:23,7:53,12:59,3:38,6:01,7:26
Khumes,12-8,6:23,7:52,12:58,3:38,6:01,7:26
Khumes,12-7,6:22,7:52,12:58,3:38,6:01,7:26
Khumes,12-6,6:21,7:51,12:58,3:38,6:01,7:26
Khumes,12-5,6:21,7:50,12:57,3:38,6:00,7:26
Khumes,12-4,6:20,7:49,12:57,3:38,6:00,7:26
Khumes,12-3,6:19,7:48,12:56,3:38,6:01,7:26
Khumes,12-2,6:18,7:47,12:56,3:38,6:01,7:26
Khumes,12-1,6:18,7:47,12:56,3:38,6:01,7:26
Khumes,11-30,6:17,7:46,12:55,3:38,6:01,7:26
Khumes,11-29,6:16,7:45,12:55,3:38,6:01,7:26
Khumes,11-28,6:16,7:44,12:55,3:38,6:01,7:26
Khumes,11-27,6:15,7:43,12:54,3:38,6:01,7:26
Khumes,11-26,6:14,7:42,12:54,3:38,6:01,7:26
Khumes,11-25,6:13,7:41,12:54,3:38,6:02,7:26
Khumes,11-24,6:12,7:41,12:53,3:39,6:02,7:26
Khumes,11-23,6:12,7:40,12:53,3:39,6:02,7:26
Khumes,11-22,6:11,7:39,12:53,3:39,6:03,7:26
Khumes,11-21,6:10,7:38,12:52,3:39,6:03,7:27
Khumes,11-20,6:09,7:37,12:52,3:40,6:03,7:27
Khumes,11-19,6:09,7:36,12:52,3:40,6:04,7:27
Khumes,11-18,6:08,7:35,12:52,3:40,6:04,7:28
Khumes,11-17,6:07,7:34,12:51,3:41,6:05,7:28
Khumes,11-16,6:06,7:33,12:51,3:41,6:05,7:28
Khumes,11-15,6:05,7:32,12:51,3:41,6:06,7:29
Khumes,11-14,6:05,7:31,12:51,3:42,6:06,7:29
Khumes,11-13,6:04,7:30,12:51,3:42,6:07,7:30
Khumes,11-12,6:03,7:30,12:51,3:43,6:08,7:30
Khumes,11-11,6:02,7:29,12:50,3:43,6:08,7:31
Khumes,11-10,6:02,7:28,12:50,3:44,6:09,7:31
Khumes,11-9,6:01,7:27,12:50,3:44,6:10,7:32
Khumes,11-8,6:00,7:26,12:50,3:45,6:10,7:32
Khumes,11-7,5:59,7:25,12:50,3:45,6:11,7:33
Khumes,11-6,5:59,7:24,12:50,3:46,6:12,7:33
Khumes,11-5,5:58,7:23,12:50,3:46,6:13,7:34
Khumes,11-4,5:57,7:22,12:50,3:47,6:13,7:35
Khumes,11-3,5:56,7:21,12:50,3:48,6:14,7:36
Khumes,11-2,5:55,7:21,12:50,3:48,6:15,7:36
Khumes,11-1,5:55,7:20,12:50,3:49,6:16,7:37
Khumes,10-31,5:54,7:19,12:50,3:50,6:17,7:38
Khumes,10-30,5:53,7:18,12:50,3:50,6:18,7:39
Khumes,10-29,5:52,7:17,12:50,3:51,6:19,7:39
Khumes,10-28,5:52,7:16,12:50,3:52,6:20,7:40
Khumes,10-27,5:51,7:16,12:50,3:53,6:21,7:41
Khumes,10-26,5:50,7:15,12:50,3:53,6:22,7:42
Khumes,10-25,5:50,7:14,12:50,3:54,6:23,7:43
Khumes,10-24,5:49,7:13,12:50,3:55,6:24,7:44
Khumes,10-23,5:48,7:12,12:51,3:56,6:25,7:45
Khumes,10-22,5:47,7:11,12:51,3:57,6:26,7:46
Khumes,10-21,5:47,7:11,12:51,3:57,6:27,7:47
Khumes,10-20,5:46,7:10,12:51,3:58,6:28,7:48
Khumes,10-19,5:45,7:09,12:51,3:59,6:29,7:49
Khumes,10-18,5:45,7:08,12:51,4:00,6:30,7:50
Khumes,10-17,5:44,7:08,12:52,4:01,6:32,7:51
Khumes,10-16,5:43,7:07,12:52,4:02,6:33,7:52
Khumes,10-15,5:43,7:06,12:52,4:02,6:34,7:53
Khumes,10-14,5:42,7:05,12:52,4:03,6:35,7:55
Khumes,10-13,5:41,7:05,12:52,4:04,6:36,7:56
Khumes,10-12,5:40,7:04,12:53,4:05,6:38,7:57
Khumes,10-11,5:40,7:03,12:53,4:06,6:39,7:58
Khumes,10-10,5:39,7:02,12:53,4:07,6:40,7:59
Khumes,10-9,5:38,7:02,12:54,4:08,6:41,8:01
Khumes,10-8,5:38,7:01,12:54,4:09,6:43,8:02
Khumes,10-7,5:37,7:00,12:54,4:09,6:44,8:03
Khumes,10-6,5:36,7:00,12:54,4:10,6:45,8:04
Khumes,10-5,5:36,6:59,12:55,4:11,6:46,8:06
Khumes,10-4,5:35,6:58,12:55,4:12,6:48,8:07
Khumes,10-3,5:34,6:58,12:55,4:13,6:49,8:08
Khumes,10-2,5:34,6:57,12:56,4:14,6:50,8:10
Khumes,10-1,5:33,6:56,12:56,4:15,6:52,8:11
Khumes,9-30,5:32,6:56,12:56,4:16,6:53,8:12
Khumes,9-29,5:32,6:55,12:57,4:17,6:54,8:14
Khumes,9-28,5:31,6:54,12:57,4:18,6:56,8:15
Khumes,9-27,5:30,6:54,12:57,4:18,6:57,8:17
Khumes,9-26,5:29,6:53,12:58,4:19,6:58,8:18
Khumes,9-25,5:29,6:52,12:58,4:20,7:00,8:19
Khumes,9-24,5:28,6:52,12:58,4:21,7:01,8:21
Khumes,9-23,5:27,6:51,12:59,4:22,7:03,8:22
Khumes,9-22,5:27,6:50,12:59,4:23,7:04,8:24
Khumes,9-21,5:26,6:50,1:00,4:24,7:05,8:25
Khumes,9-20,5:25,6:49,1:00,4:25,7:07,8:27
Khumes,9-19,5:25,6:49,1:00,4:25,7:08,8:28
Khumes,9-18,5:24,6:48,1:01,4:26,7:09,8:29
Khumes,9-17,5:23,6:47,1:01,4:27,7:11,8:31
Khumes,9-16,5:22,6:47,1:01,4:28,7:12,8:32
Khumes,9-15,5:22,6:46,1:02,4:29,7:13,8:34
Khumes,9-14,5:21,6:45,1:02,4:30,7:15,8:35
Khumes,9-13,5:20,6:45,1:03,4:30,7:16,8:37
Khumes,9-12,5:19,6:44,1:03,4:31,7:18,8:38
Khumes,9-11,5:19,6:44,1:03,4:32,7:19,8:40
Khumes,9-10,5:18,6:43,1:04,4:33,7:20,8:41
Khumes,9-9,5:17,6:42,1:04,4:33,7:22,8:43
Khumes,9-8,5:16,6:42,1:04,4:34,7:23,8:44
Khumes,9-7,5:16,6:41,1:05,4:35,7:24,8:46
Khumes,9-6,5:15,6:40,1:05,4:36,7:26,8:47
Khumes,9-5,5:14,6:40,1:05,4:36,7:27,8:49
Khumes,9-4,5:13,6:39,1:06,4:37,7:28,8:50
Khumes,9-3,5:12,6:39,1:06,4:38,7:29,8:52
Khumes,9-2,5:11,6:38,1:06,4:38,7:31,8:53
Khumes,9-1,5:11,6:37,1:07,4:39,7:32,8:55
Khumes,8-31,5:10,6:37,1:07,4:39,7:33,8:56
Khumes,8-30,5:09,6:36,1:07,4:40,7:35,8:58
Khumes,8-29,5:08,6:35,1:08,4:41,7:36,8:59
Khumes,8-28,5:07,6:35,1:08,4:41,7:37,9:01
Khumes,8-27,5:06,6:34,1:08,4:42,7:38,9:02
Khumes,8-26,5:05,6:33,1:08,4:42,7:40,9:03
Khumes,8-25,5:05,6:33,1:09,4:43,7:41,9:05
Khumes,8-24,5:04,6:32,1:09,4:43,7:42,9:06
Khumes,8-23,5:03,6:31,1:09,4:44,7:43,9:08
Khumes,8-22,5:02,6:31,1:10,4:44,7:44,9:09
Khumes,8-21,5:01,6:30,1:10,4:45,7:45,9:11
Khumes,8-20,5:00,6:29,1:10,4:45,7:47,9:12
Khumes,8-19,4:59,6:29,1:10,4:46,7:48,9:13
Khumes,8-18,4:58,6:28,1:10,4:46,7:49,9:15
Khumes,8-17,4:57,6:27,1:11,4:46,7:50,9:16
Khumes,8-16,4:56,6:27,1:11,4:47,7:51,9:17
Khumes,8-15,4:55,6:26,1:11,4:47,7:52,9:19
Khumes,8-14,4:54,6:25,1:11,4:47,7:53,9:20
Khumes,8-13,4:53,6:25,1:11,4:48,7:54,9:21
Khumes,8-12,4:52,6:24,1:12,4:48,7:55,9:23
Khumes,8-11,4:51,6:23,1:12,4:48,7:56,9:24
Khumes,8-10,4:50,6:23,1:12,4:49,7:57,9:25
Khumes,8-9,4:49,6:22,1:12,4:49,7:58,9:26
Khumes,8-8,4:48,6:21,1:12,4:49,7:59,9:28
Khumes,8-7,4:47,6:20,1:12,4:49,8:00,9:29
Khumes,8-6,4:46,6:20,1:12,4:50,8:01,9:30
Khumes,8-5,4:45,6:19,1:12,4:50,8:02,9:31
Khumes,8-4,4:44,6:18,1:12,4:50,8:03,9:32
Khumes,8-3,4:43,6:18,1:13,4:50,8:03,9:34
Khumes,8-2,4:42,6:17,1:13,4:50,8:04,9:35
Khumes,8-1,4:41,6:16,1:13,4:50,8:05,9:36
Khumes,7-31,4:40,6:16,1:13,4:50,8:06,9:37
Khumes,7-30,4:39,6:15,1:13,4:50,8:06,9:38
Khumes,7-29,4:39,6:14,1:13,4:51,8:07,9:39
Khumes,7-28,4:38,6:14,1:13,4:51,8:08,9:40
Khumes,7-27,4:37,6:13,1:13,4:51,8:09,9:41
Khumes,7-26,4:36,6:12,1:13,4:51,8:09,9:42
Khumes,7-25,4:35,6:11,1:13,4:51,8:10,9:43
Khumes,7-24,4:34,6:11,1:13,4:51,8:11,9:44
Khumes,7-23,4:33,6:10,1:13,4:51,8:11,9:45
Khumes,7-22,4:32,6:10,1:13,4:51,8:12,9:45
Khumes,7-21,4:31,6:09,1:13,4:51,8:12,9:46
Khumes,7-20,4:30,6:08,1:12,4:51,8:13,9:47
Khumes,7-19,4:29,6:08,1:12,4:51,8:13,9:48
Khumes,7-18,4:28,6:07,1:12,4:50,8:14,9:49
Khumes,7-17,4:27,6:06,1:12,4:50,8:14,9:49
Khumes,7-16,4:26,6:06,1:12,4:50,8:15,9:50
Khumes,7-15,4:26,6:05,1:12,4:50,8:15,9:51
Khumes,7-14,4:25,6:05,1:12,4:50,8:15,9:51
Khumes,7-13,4:24,6:04,1:12,4:50,8:16,9:52
Khumes,7-12,4:23,6:03,1:12,4:50,8:16,9:52
Khumes,7-11,4:22,6:03,1:12,4:50,8:16,9:53
Khumes,7-10,4:22,6:02,1:11,4:50,8:17,9:53
Khumes,7-9,4:21,6:02,1:11,4:49,8:17,9:54
Khumes,7-8,4:20,6:01,1:11,4:49,8:17,9:54
Khumes,7-7,4:19,6:01,1:11,4:49,8:17,9:55
Khumes,7-6,4:19,6:00,1:11,4:49,8:17,9:55
Khumes,7-5,4:18,6:00,1:11,4:49,8:18,9:55
Khumes,7-4,4:17,5:59,1:11,4:49,8:18,9:56
Khumes,7-3,4:17,5:59,1:10,4:48,8:18,9:56
Khumes,7-2,4:16,5:58,1:10,4:48,8:18,9:56
Khumes,7-1,4:16,5:58,1:10,4:48,8:18,9:56
Khumes,6-30,4:15,5:58,1:10,4:48,8:18,9:56
Khumes,6-29,4:15,5:57,1:10,4:48,8:18,9:56
Khumes,6-28,4:14,5:57,1:09,4:47,8:18,9:56
Khumes,6-27,4:14,5:57,1:09,4:47,8:18,9:56
Khumes,6-26,4:14,5:56,1:09,4:47,8:18,9:56
Khumes,6-25,4:13,5:56,1:09,4:47,8:18,9:56
Khumes,6-24,4:13,5:56,1:09,4:47,8:18,9:56
Khumes,6-23,4:13,5:55,1:08,4:46,8:17,9:56
Khumes,6-22,4:12,5:55,1:08,4:46,8:17,9:56
Khumes,6-21,4:12,5:55,1:08,4:46,8:17,9:56
Khumes,6-20,4:12,5:55,1:08,4:46,8:17,9:56
Khumes,6-19,4:12,5:55,1:08,4:46,8:17,9:55
Khumes,6-18,4:12,5:54,1:07,4:45,8:16,9:55
Khumes,6-17,4:12,5:54,1:07,4:45,8:16,9:55
Khumes,6-16,4:12,5:54,1:07,4:45,8:16,9:54
Khumes,6-15,4:12,5:54,1:07,4:45,8:15,9:54
Khumes,6-14,4:12,5:54,1:07,4:45,8:15,9:54
Khumes,6-13,4:12,5:54,1:06,4:44,8:15,9:53
Khumes,6-12,4:12,5:54,1:06,4:44,8:14,9:53
Khumes,6-11,4:12,5:54,1:06,4:44,8:14,9:52
Khumes,6-10,4:12,5:54,1:06,4:44,8:13,9:52
Khumes,6-9,4:12,5:54,1:06,4:44,8:13,9:51
Khumes,6-8,4:13,5:54,1:05,4:43,8:13,9:50
Khumes,6-7,4:13,5:54,1:05,4:43,8:12,9:50
Khumes,6-6,4:13,5:55,1:05,4:43,8:12,9:49
Khumes,6-5,4:13,5:55,1:05,4:43,8:11,9:48
Khumes,6-4,4:14,5:55,1:05,4:43,8:11,9:48
Khumes,6-3,4:14,5:55,1:05,4:43,8:10,9:47
Khumes,6-2,4:15,5:55,1:04,4:43,8:09,9:46
Khumes,6-1,4:15,5:56,1:04,4:42,8:09,9:45
Khumes,5-31,4:16,5:56,1:04,4:42,8:08,9:45
Khumes,5-30,4:16,5:56,1:04,4:42,8:08,9:44
Khumes,5-29,4:17,5:57,1:04,4:42,8:07,9:43
Khumes,5-28,4:17,5:57,1:04,4:42,8:07,9:42
Khumes,5-27,4:18,5:57,1:04,4:42,8:06,9:41
Khumes,5-26,4:19,5:58,1:03,4:42,8:05,9:40
Khumes,5-25,4:19,5:58,1:03,4:41,8:05,9:39
Khumes,5-24,4:20,5:59,1:03,4:41,8:04,9:38
Khumes,5-23,4:21,5:59,1:03,4:41,8:03,9:37
Khumes,5-22,4:22,6:00,1:03,4:41,8:03,9:37
Khumes,5-21,4:23,6:00,1:03,4:41,8:02,9:36
Khumes,5-20,4:23,6:01,1:03,4:41,8:01,9:35
Khumes,5-19,4:24,6:01,1:03,4:41,8:01,9:34
Khumes,5-18,4:25,6:02,1:03,4:41,8:00,9:33
Khumes,5-17,4:26,6:02,1:03,4:41,7:59,9:32
Khumes,5-16,4:27,6:03,1:03,4:41,7:58,9:31
Khumes,5-15,4:28,6:04,1:03,4:41,7:58,9:30
Khumes,5-14,4:29,6:05,1:03,4:41,7:57,9:29
Khumes,5-13,4:30,6:05,1:03,4:40,7:56,9:28
Khumes,5-12,4:31,6:06,1:03,4:40,7:56,9:26
Khumes,5-11,4:32,6:07,1:03,4:40,7:55,9:25
Khumes,5-10,4:33,6:07,1:03,4:40,7:54,9:24
Khumes,5-9,4:34,6:08,1:03,4:40,7:53,9:23
Khumes,5-8,4:35,6:09,1:03,4:40,7:53,9:22
Khumes,5-7,4:36,6:10,1:03,4:40,7:52,9:21
Khumes,5-6,4:38,6:11,1:03,4:40,7:51,9:20
Khumes,5-5,4:39,6:12,1:03,4:40,7:50,9:19
Khumes,5-4,4:40,6:13,1:03,4:40,7:50,9:18
Khumes,5-3,4:41,6:13,1:03,4:40,7:49,9:17
Khumes,5-2,4:42,6:14,1:03,4:40,7:48,9:16
Khumes,5-1,4:44,6:15,1:03,4:40,7:47,9:15
Khumes,4-30,4:45,6:16,1:03,4:40,7:47,9:14
Khumes,4-29,4:46,6:17,1:04,4:40,7:46,9:13
Khumes,4-28,4:48,6:18,1:04,4:40,7:45,9:12
Khumes,4-27,4:49,6:19,1:04,4:40,7:44,9:11
Khumes,4-26,4:50,6:20,1:04,4:40,7:44,9:10
Khumes,4-25,4:51,6:21,1:04,4:40,7:43,9:09
Khumes,4-24,4:53,6:23,1:04,4:40,7:42,9:08
Khumes,4-23,4:54,6:24,1:05,4:40,7:41,9:07
Khumes,4-22,4:56,6:25,1:05,4:40,7:41,9:06
Khumes,4-21,4:57,6:26,1:05,4:40,7:40,9:05
Khumes,4-20,4:58,6:27,1:05,4:40,7:39,9:04
Khumes,4-19,5:00,6:28,1:05,4:40,7:39,9:03
Khumes,4-18,5:01,6:29,1:06,4:40,7:38,9:02
Khumes,4-17,5:02,6:30,1:06,4:40,7:37,9:01
Khumes,4-16,5:04,6:32,1:06,4:40,7:36,9:00
Khumes,4-15,5:05,6:33,1:06,4:40,7:36,8:59
Khumes,4-14,5:07,6:34,1:07,4:40,7:35,8:58
Khumes,4-13,5:08,6:35,1:07,4:40,7:34,8:57
Khumes,4-12,5:10,6:36,1:07,4:40,7:34,8:56
Khumes,4-11,5:11,6:38,1:07,4:40,7:33,8:56
Khumes,4-10,5:13,6:39,1:08,4:39,7:32,8:55
Khumes,4-9,5:14,6:40,1:08,4:39,7:31,8:54
Khumes,4-8,5:15,6:41,1:08,4:39,7:31,8:53
Khumes,4-7,5:17,6:43,1:08,4:39,7:30,8:52
Khumes,4-6,5:18,6:44,1:09,4:39,7:29,8:51
Khumes,4-5,5:20,6:45,1:09,4:39,7:29,8:50
Khumes,4-4,5:21,6:47,1:09,4:39,7:28,8:49
Khumes,4-3,5:23,6:48,1:10,4:39,7:27,8:49
Khumes,4-2,5:24,6:49,1:10,4:39,7:27,8:48
Khumes,4-1,5:26,6:51,1:10,4:39,7:26,8:47
Khumes,3-31,5:27,6:52,1:11,4:39,7:25,8:46
Khumes,3-30,5:29,6:53,1:11,4:39,7:25,8:45
Khumes,3-29,5:30,6:54,1:11,4:39,7:24,8:44
Khumes,3-28,5:31,6:56,1:12,4:38,7:23,8:44
Khumes,3-27,5:33,6:57,1:12,4:38,7:23,8:43
Khumes,3-26,5:34,6:58,1:12,4:38,7:22,8:42
Khumes,3-25,5:36,7:00,1:12,4:38,7:21,8:41
Khumes,3-24,5:37,7:01,1:13,4:38,7:20,8:40
Khumes,3-23,5:39,7:02,1:13,4:38,7:20,8:40
Khumes,3-22,5:40,7:04,1:13,4:38,7:19,8:39
Khumes,3-21,5:41,7:05,1:14,4:37,7:18,8:38
Khumes,3-20,5:43,7:06,1:14,4:37,7:18,8:37
Khumes,3-19,5:44,7:08,1:14,4:37,7:17,8:37
Khumes,3-18,5:46,7:09,1:15,4:37,7:16,8:36
Khumes,3-17,5:47,7:10,1:15,4:37,7:16,8:35
Khumes,3-16,5:48,7:12,1:15,4:36,7:15,8:34
Khumes,3-15,5:50,7:13,1:16,4:36,7:14,8:34
Khumes,3-14,5:51,7:14,1:16,4:36,7:13,8:33
Khumes,3-13,5:52,7:16,1:16,4:36,7:13,8:32
Khumes,3-12,5:54,7:17,1:16,4:35,7:12,8:31
Khumes,3-11,5:55,7:18,1:17,4:35,7:11,8:31
Khumes,3-10,5:56,7:20,1:17,4:35,7:11,8:30
Khumes,3-9,5:58,7:21,1:17,4:34,7:10,8:29
Khumes,3-8,5:59,7:22,1:18,4:34,7:09,8:28
Khumes,3-7,6:00,7:23,1:18,4:34,7:08,8:28
Khumes,3-6,6:01,7:25,1:18,4:33,7:08,8:27
Khumes,3-5,6:03,7:26,1:18,4:33,7:07,8:26
Khumes,3-4,6:04,7:27,1:19,4:32,7:06,8:25
Khumes,3-3,6:05,7:28,1:19,4:32,7:05,8:25
Khumes,3-2,6:06,7:30,1:19,4:32,7:04,8:24
Khumes,3-1,6:07,7:31,1:19,4:31,7:04,8:23
Khumes,2-29,6:08,7:32,1:19,4:31,7:03,8:22
Khumes,2-28,6:08,7:32,1:19,4:31,7:03,8:22
Khumes,2-27,6:10,7:33,1:20,4:30,7:02,8:22
Khumes,2-26,6:11,7:34,1:20,4:30,7:01,8:21
Khumes,2-25,6:12,7:35,1:20,4:29,7:00,8:20
Khumes,2-24,6:13,7:36,1:20,4:29,7:00,8:19
Khumes,2-23,6:14,7:38,1:20,4:28,6:59,8:19
Khumes,2-22,6:15,7:39,1:20,4:28,6:58,8:18
Khumes,2-21,6:16,7:40,1:20,4:27,6:57,8:17
Khumes,2-20,6:17,7:41,1:21,4:27,6:56,8:16
Khumes,2-19,6:18,7:42,1:21,4:26,6:55,8:16
Khumes,2-18,6:19,7:43,1:21,4:26,6:55,8:15
Khumes,2-17,6:20,7:44,1:21,4:25,6:54,8:14
Khumes,2-16,6:21,7:45,1:21,4:24,6:53,8:13
Khumes,2-15,6:21,7:46,1:21,4:24,6:52,8:12
Khumes,2-14,6:22,7:47,1:21,4:23,6:51,8:12
Khumes,2-13,6:23,7:48,1:21,4:22,6:50,8:11
Khumes,2-12,6:24,7:49,1:21,4:22,6:49,8:10
Khumes,2-11,6:25,7:50,1:21,4:21,6:48,8:09
Khumes,2-10,6:26,7:51,1:21,4:20,6:47,8:08
Khumes,2-9,6:26,7:51,1:21,4:20,6:47,8:08
Khumes,2-8,6:27,7:52,1:21,4:19,6:46,8:07
Khumes,2-7,6:28,7:53,1:21,4:18,6:45,8:06
Khumes,2-6,6:28,7:54,1:21,4:17,6:44,8:05
Khumes,2-5,6:29,7:55,1:21,4:17,6:43,8:04
Khumes,2-4,6:30,7:55,1:21,4:16,6:42,8:04
Khumes,2-3,6:30,7:56,1:20,4:15,6:41,8:03
Khumes,2-2,6:31,7:57,1:20,4:14,6:40,8:02
Khumes,2-1,6:31,7:57,1:20,4:14,6:39,8:01
Khumes,1-31,6:32,7:58,1:20,4:13,6:38,8:00
Khumes,1-30,6:32,7:59,1:20,4:12,6:37,8:00
Khumes,1-29,6:33,7:59,1:20,4:11,6:36,7:59
Khumes,1-28,6:33,8:00,1:19,4:10,6:35,7:58
Khumes,1-27,6:34,8:00,1:19,4:10,6:34,7:57
Khumes,1-26,6:34,8:01,1:19,4:09,6:33,7:56
Khumes,1-25,6:34,8:01,1:19,4:08,6:32,7:55
Khumes,1-24,6:35,8:02,1:19,4:07,6:31,7:55
Khumes,1-23,6:35,8:02,1:18,4:06,6:30,7:54
Khumes,1-22,6:35,8:03,1:18,4:06,6:29,7:53
Khumes,1-21,6:35,8:03,1:18,4:05,6:28,7:52
Khumes,1-20,6:36,8:03,1:17,4:04,6:28,7:51
Khumes,1-19,6:36,8:04,1:17,4:03,6:27,7:51
Khumes,1-18,6:36,8:04,1:17,4:02,6:26,7:50
Khumes,1-17,6:36,8:04,1:16,4:01,6:25,7:49
Khumes,1-16,6:36,8:04,1:16,4:01,6:24,7:48
Khumes,1-15,6:36,8:05,1:16,4:00,6:23,7:47
Khumes,1-14,6:36,8:05,1:15,3:59,6:22,7:47
Khumes,1-13,6:36,8:05,1:15,3:58,6:21,7:46
Khumes,1-12,6:36,8:05,1:15,3:57,6:20,7:45
Khumes,1-11,6:36,8:05,1:14,3:56,6:19,7:44
Khumes,1-10,6:36,8:05,1:14,3:56,6:18,7:43
Khumes,1-9,6:36,8:05,1:13,3:55,6:18,7:43
Khumes,1-8,6:36,8:05,1:13,3:54,6:17,7:42
Khumes,1-7,6:36,8:05,1:13,3:53,6:16,7:41
Khumes,1-6,6:36,8:05,1:12,3:53,6:15,7:41
Khumes,1-5,6:36,8:05,1:12,3:52,6:14,7:40
Khumes,1-4,6:36,8:05,1:11,3:51,6:14,7:39
Khumes,1-3,6:35,8:05,1:11,3:50,6:13,7:38
Khumes,1-2,6:35,8:05,1:10,3:50,6:12,7:38
Khumes,1-1,6:35,8:05,1:10,3:49,6:11,7:37
Misrata,12-31,6:31,8:00,1:06,3:46,6:08,7:33
Misrata,12-30,6:31,8:00,1:06,3:45,6:07,7:33
Misrata,12-29,6:30,8:00,1:05,3:44,6:06,7:32
Misrata,12-28,6:30,8:00,1:05,3:44,6:06,7:32
Misrata,12-27,6:29,7:59,1:04,3:43,6:05,7:31
Misrata,12-26,6:29,7:59,1:04,3:42,6:05,7:30
Misrata,12-25,6:29,7:58,1:03,3:42,6:04,7:30
Misrata,12-24,6:28,7:58,1:03,3:41,6:03,7:29
Misrata,12-23,6:28,7:58,1:02,3:41,6:03,7:29
Misrata,12-22,6:27,7:57,1:02,3:40,6:02,7:28
Misrata,12-21,6:27,7:57,1:01,3:40,6:02,7:28
Misrata,12-20,6:26,7:56,1:01,3:39,6:01,7:27
Misrata,12-19,6:26,7:56,1:00,3:39,6:01,7:27
Misrata,12-18,6:25,7:55,1:00,3:39,6:01,7:26
Misrata,12-17,6:25,7:54,12:59,3:38,6:00,7:26
Misrata,12-16,6:24,7:54,12:59,3:38,6:00,7:26
Misrata,12-15,6:24,7:53,12:58,3:37,6:00,7:25
Misrata,12-14,6:23,7:53,12:58,3:37,5:59,7:25
Misrata,12-13,6:22,7:52,12:57,3:37,5:59,7:25
Misrata,12-12,6:22,7:51,12:57,3:36,5:59,7:24
Misrata,12-11,6:21,7:51,12:57,3:36,5:59,7:24
Misrata,12-10,6:20,7:50,12:56,3:36,5:58,7:24
Misrata,12-9,6:20,7:49,12:56,3:36,5:58,7:24
Misrata,12-8,6:19,7:48,12:55,3:36,5:58,7:23
Misrata,12-7,6:18,7:48,12:55,3:35,5:58,7:23
Misrata,12-6,6:18,7:47,12:54,3:35,5:58,7:23
Misrata,12-5,6:17,7:46,12:54,3:35,5:58,7:23
Misrata,12-4,6:16,7:45,12:54,3:35,5:58,7:23
Misrata,12-3,6:16,7:44,12:53,3:35,5:58,7:23
Misrata,12-2,6:15,7:44,12:53,3:35,5:58,7:23
Misrata,12-1,6:14,7:43,12:52,3:35,5:58,7:23
Misrata,11-30,6:13,7:42,12:52,3:35,5:58,7:23
Misrata,11-29,6:13,7:41,12:52,3:35,5:58,7:23
Misrata,11-28,6:12,7:40,12:51,3:35,5:58,7:23
Misrata,11-27,6:11,7:39,12:51,3:35,5:59,7:23
Misrata,11-26,6:10,7:38,12:51,3:36,5:59,7:23
Misrata,11-25,6:10,7:38,12:50,3:36,5:59,7:23
Misrata,11-24,6:09,7:37,12:50,3:36,5:59,7:23
Misrata,11-23,6:08,7:36,12:50,3:36,6:00,7:23
Misrata,11-22,6:07,7:35,12:49,3:36,6:00,7:23
Misrata,11-21,6:07,7:34,12:49,3:37,6:00,7:24
Misrata,11-20,6:06,7:33,12:49,3:37,6:01,7:24
Misrata,11-19,6:05,7:32,12:49,3:37,6:01,7:24
Misrata,11-18,6:04,7:31,12:48,3:37,6:02,7:25
Misrata,11-17,6:04,7:30,12:48,3:38,6:02,7:25
Misrata,11-16,6:03,7:29,12:48,3:38,6:03,7:25
Misrata,11-15,6:02,7:29,12:48,3:39,6:03,7:26
Misrata,11-14,6:01,7:28,12:48,3:39,6:04,7:26
Misrata,11-13,6:00,7:27,12:47,3:39,6:04,7:27
Misrata,11-12,6:00,7:26,12:47,3:40,6:05,7:27
Misrata,11-11,5:59,7:25,12:47,3:40,6:05,7:28
Misrata,11-10,5:58,7:24,12:47,3:41,6:06,7:28
Misrata,11-9,5:57,7:23,12:47,3:41,6:07,7:29
Misrata,11-8,5:57,7:22,12:47,3:42,6:08,7:29
Misrata,11-7,5:56,7:21,12:47,3:42,6:08,7:30
Misrata,11-6,5:55,7:20,12:47,3:43,6:09,7:30
Misrata,11-5,5:54,7:20,12:47,3:44,6:10,7:31
Misrata,11-4,5:54,7:19,12:47,3:44,6:11,7:32
Misrata,11-3,5:53,7:18,12:47,3:45,6:11,7:32
Misrata,11-2,5:52,7:17,12:47,3:45,6:12,7:33
Misrata,11-1,5:51,7:16,12:47,3:46,6:13,7:34
Misrata,10-31,5:51,7:15,12:47,3:47,6:14,7:35
Misrata,10-30,5:50,7:14,12:47,3:48,6:15,7:35
Misrata,10-29,5:49,7:14,12:47,3:48,6:16,7:36
Misrata,10-28,5:48,7:13,12:47,3:49,6:17,7:37
Misrata,10-27,5:48,7:12,12:47,3:50,6:18,7:38
Misrata,10-26,5:47,7:11,12:47,3:50,6:19,7:39
Misrata,10-25,5:46,7:10,12:47,3:51,6:20,7:40
Misrata,10-24,5:46,7:09,12:47,3:52,6:21,7:41
Misrata,10-23,5:45,7:09,12:47,3:53,6:22,7:42
Misrata,10-22,5:44,7:08,12:47,3:54,6:23,7:43
Misrata,10-21,5:43,7:07,12:48,3:54,6:24,7:44
Misrata,10-20,5:43,7:06,12:48,3:55,6:25,7:45
Misrata,10-19,5:42,7:06,12:48,3:56,6:26,7:46
Misrata,10-18,5:41,7:05,12:48,3:57,6:27,7:47
Misrata,10-17,5:41,7:04,12:48,3:58,6:29,7:48
Misrata,10-16,5:40,7:03,12:49,3:58,6:30,7:49
Misrata,10-15,5:39,7:03,12:49,3:59,6:31,7:50
Misrata,10-14,5:39,7:02,12:49,4:00,6:32,7:51
Misrata,10-13,5:38,7:01,12:49,4:01,6:33,7:52
Misrata,10-12,5:37,7:00,12:49,4:02,6:35,7:54
Misrata,10-11,5:37,7:00,12:50,4:03,6:36,7:55
Misrata,10-10,5:36,6:59,12:50,4:04,6:37,7:56
Misrata,10-9,5:35,6:58,12:50,4:05,6:38,7:57
Misrata,10-8,5:35,6:58,12:51,4:05,6:39,7:59
Misrata,10-7,5:34,6:57,12:51,4:06,6:41,8:00
Misrata,10-6,5:33,6:56,12:51,4:07,6:42,8:01
Misrata,10-5,5:33,6:56,12:51,4:08,6:43,8:02
Misrata,10-4,5:32,6:55,12:52,4:09,6:45,8:04
Misrata,10-3,5:31,6:54,12:52,4:10,6:46,8:05
Misrata,10-2,5:31,6:54,12:52,4:11,6:47,8:06
Misrata,10-1,5:30,6:53,12:53,4:12,6:49,8:08
Misrata,9-30,5:29,6:52,12:53,4:13,6:50,8:09
Misrata,9-29,5:28,6:52,12:53,4:13,6:51,8:10
Misrata,9-28,5:28,6:51,12:54,4:14,6:53,8:12
Misrata,9-27,5:27,6:50,12:54,4:15,6:54,8:13
Misrata,9-26,5:26,6:50,12:54,4:16,6:55,8:14
Misrata,9-25,5:26,6:49,12:55,4:17,6:57,8:16
Misrata,9-24,5:25,6:48,12:55,4:18,6:58,8:17
Misrata,9-23,5:24,6:48,12:56,4:19,6:59,8:19
Misrata,9-22,5:24,6:47,12:56,4:20,7:01,8:20
Misrata,9-21,5:23,6:47,12:56,4:20,7:02,8:22
Misrata,9-20,5:22,6:46,12:57,4:21,7:03,8:23
Misrata,9-19,5:22,6:45,12:57,4:22,7:05,8:24
Misrata,9-18,5:21,6:45,12:57,4:23,7:06,8:26
Misrata,9-17,5:20,6:44,12:58,4:24,7:07,8:27
Misrata,9-16,5:19,6:44,12:58,4:25,7:09,8:29
Misrata,9-15,5:19,6:43,12:59,4:25,7:10,8:30
Misrata,9-14,5:18,6:42,12:59,4:26,7:11,8:32
Misrata,9-13,5:17,6:42,12:59,4:27,7:13,8:33
Misrata,9-12,5:17,6:41,1:00,4:28,7:14,8:35
Misrata,9-11,5:16,6:40,1:00,4:28,7:15,8:36
Misrata,9-10,5:15,6:40,1:00,4:29,7:17,8:38
Misrata,9-9,5:14,6:39,1:01,4:30,7:18,8:39
Misrata,9-8,5:13,6:39,1:01,4:31,7:19,8:41
Misrata,9-7,5:13,6:38,1:01,4:31,7:21,8:42
Misrata,9-6,5:12,6:37,1:02,4:32,7:22,8:44
Misrata,9-5,5:11,6:37,1:02,4:33,7:23,8:45
Misrata,9-4,5:10,6:36,1:02,4:33,7:25,8:46
Misrata,9-3,5:10,6:35,1:03,4:34,7:26,8:48
Misrata,9-2,5:09,6:35,1:03,4:35,7:27,8:49
Misrata,9-1,5:08,6:34,1:03,4:35,7:29,8:51
Misrata,8-31,5:07,6:34,1:04,4:36,7:30,8:52
Misrata,8-30,5:06,6:33,1:04,4:37,7:31,8:54
Misrata,8-29,5:05,6:32,1:04,4:37,7:32,8:55
Misrata,8-28,5:05,6:32,1:05,4:38,7:34,8:57
Misrata,8-27,5:04,6:31,1:05,4:38,7:35,8:58
Misrata,8-26,5:03,6:30,1:05,4:39,7:36,9:00
Misrata,8-25,5:02,6:30,1:05,4:39,7:37,9:01
Misrata,8-24,5:01,6:29,1:06,4:40,7:38,9:02
Misrata,8-23,5:00,6:28,1:06,4:40,7:40,9:04
Misrata,8-22,4:59,6:28,1:06,4:41,7:41,9:05
Misrata,8-21,4:58,6:27,1:06,4:41,7:42,9:07
Misrata,8-20,4:57,6:26,1:07,4:42,7:43,9:08
Misrata,8-19,4:57,6:26,1:07,4:42,7:44,9:09
Misrata,8-18,4:56,6:25,1:07,4:42,7:45,9:11
Misrata,8-17,4:55,6:24,1:07,4:43,7:46,9:12
Misrata,8-16,4:54,6:24,1:08,4:43,7:47,9:13
Misrata,8-15,4:53,6:23,1:08,4:44,7:48,9:15
Misrata,8-14,4:52,6:22,1:08,4:44,7:49,9:16
Misrata,8-13,4:51,6:22,1:08,4:44,7:50,9:17
Misrata,8-12,4:50,6:21,1:08,4:44,7:51,9:19
Misrata,8-11,4:49,6:20,1:08,4:45,7:52,9:20
Misrata,8-10,4:48,6:20,1:09,4:45,7:53,9:21
Misrata,8-9,4:47,6:19,1:09,4:45,7:54,9:22
Misrata,8-8,4:46,6:18,1:09,4:45,7:55,9:24
Misrata,8-7,4:45,6:18,1:09,4:46,7:56,9:25
Misrata,8-6,4:44,6:17,1:09,4:46,7:57,9:26
Misrata,8-5,4:43,6:16,1:09,4:46,7:58,9:27
Misrata,8-4,4:42,6:16,1:09,4:46,7:59,9:28
Misrata,8-3,4:41,6:15,1:09,4:46,8:00,9:29
Misrata,8-2,4:40,6:14,1:09,4:46,8:00,9:30
Misrata,8-1,4:39,6:14,1:09,4:47,8:01,9:32
Misrata,7-31,4:38,6:13,1:09,4:47,8:02,9:33
Misrata,7-30,4:37,6:12,1:09,4:47,8:03,9:34
Misrata,7-29,4:36,6:11,1:09,4:47,8:03,9:35
Misrata,7-28,4:35,6:11,1:09,4:47,8:04,9:36
Misrata,7-27,4:34,6:10,1:09,4:47,8:05,9:37
Misrata,7-26,4:33,6:09,1:09,4:47,8:05,9:38
Misrata,7-25,4:32,6:09,1:09,4:47,8:06,9:39
Misrata,7-24,4:31,6:08,1:09,4:47,8:07,9:39
Misrata,7-23,4:30,6:07,1:09,4:47,8:07,9:40
Misrata,7-22,4:30,6:07,1:09,4:47,8:08,9:41
Misrata,7-21,4:29,6:06,1:09,4:47,8:08,9:42
Misrata,7-20,4:28,6:06,1:09,4:47,8:09,9:43
Misrata,7-19,4:27,6:05,1:09,4:47,8:09,9:43
Misrata,7-18,4:26,6:04,1:09,4:47,8:10,9:44
Misrata,7-17,4:25,6:04,1:09,4:47,8:10,9:45
Misrata,7-16,4:24,6:03,1:09,4:46,8:11,9:46
Misrata,7-15,4:23,6:02,1:09,4:46,8:11,9:46
Misrata,7-14,4:23,6:02,1:09,4:46,8:11,9:47
Misrata,7-13,4:22,6:01,1:09,4:46,8:12,9:47
Misrata,7-12,4:21,6:01,1:08,4:46,8:12,9:48
Misrata,7-11,4:20,6:00,1:08,4:46,8:12,9:48
Misrata,7-10,4:19,6:00,1:08,4:46,8:13,9:49
Misrata,7-9,4:19,5:59,1:08,4:46,8:13,9:49
Misrata,7-8,4:18,5:59,1:08,4:45,8:13,9:50
Misrata,7-7,4:17,5:58,1:08,4:45,8:13,9:50
Misrata,7-6,4:17,5:58,1:08,4:45,8:14,9:50
Misrata,7-5,4:16,5:57,1:07,4:45,8:14,9:51
Misrata,7-4,4:15,5:57,1:07,4:45,8:14,9:51
Misrata,7-3,4:15,5:56,1:07,4:44,8:14,9:51
Misrata,7-2,4:14,5:56,1:07,4:44,8:14,9:52
Misrata,7-1,4:14,5:55,1:07,4:44,8:14,9:52
Misrata,6-30,4:13,5:55,1:07,4:44,8:14,9:52
Misrata,6-29,4:13,5:55,1:06,4:44,8:14,9:52
Misrata,6-28,4:12,5:54,1:06,4:43,8:14,9:52
Misrata,6-27,4:12,5:54,1:06,4:43,8:14,9:52
Misrata,6-26,4:12,5:54,1:06,4:43,8:14,9:52
Misrata,6-25,4:11,5:53,1:06,4:43,8:14,9:52
Misrata,6-24,4:11,5:53,1:05,4:43,8:14,9:52
Misrata,6-23,4:11,5:53,1:05,4:42,8:13,9:52
Misrata,6-22,4:10,5:53,1:05,4:42,8:13,9:52
Misrata,6-21,4:10,5:52,1:05,4:42,8:13,9:51
Misrata,6-20,4:10,5:52,1:05,4:42,8:13,9:51
Misrata,6-19,4:10,5:52,1:04,4:42,8:13,9:51
Misrata,6-18,4:10,5:52,1:04,4:41,8:12,9:51
Misrata,6-17,4:10,5:52,1:04,4:41,8:12,9:50
Misrata,6-16,4:10,5:52,1:04,4:41,8:12,9:50
Misrata,6-15,4:10,5:52,1:04,4:41,8:11,9:50
Misrata,6-14,4:10,5:52,1:03,4:41,8:11,9:49
Misrata,6-13,4:10,5:52,1:03,4:40,8:11,9:49
Misrata,6-12,4:10,5:52,1:03,4:40,8:10,9:48
Misrata,6-11,4:10,5:52,1:03,4:40,8:10,9:48
Misrata,6-10,4:10,5:52,1:03,4:40,8:10,9:47
Misrata,6-9,4:10,5:52,1:02,4:40,8:09,9:46
Misrata,6-8,4:10,5:52,1:02,4:40,8:09,9:46
Misrata,6-7,4:11,5:52,1:02,4:39,8:08,9:45
Misrata,6-6,4:11,5:52,1:02,4:39,8:08,9:45
Misrata,6-5,4:11,5:52,1:02,4:39,8:07,9:44
Misrata,6-4,4:12,5:52,1:01,4:39,8:07,9:43
Misrata,6-3,4:12,5:53,1:01,4:39,8:06,9:42
Misrata,6-2,4:13,5:53,1:01,4:39,8:06,9:42
Misrata,6-1,4:13,5:53,1:01,4:39,8:05,9:41
Misrata,5-31,4:14,5:53,1:01,4:38,8:04,9:40
Misrata,5-30,4:14,5:54,1:01,4:38,8:04,9:39
Misrata,5-29,4:15,5:54,1:01,4:38,8:03,9:39
Misrata,5-28,4:15,5:54,1:00,4:38,8:03,9:38
Misrata,5-27,4:16,5:55,1:00,4:38,8:02,9:37
Misrata,5-26,4:17,5:55,1:00,4:38,8:01,9:36
Misrata,5-25,4:17,5:56,1:00,4:38,8:01,9:35
Misrata,5-24,4:18,5:56,1:00,4:38,8:00,9:34
Misrata,5-23,4:19,5:56,1:00,4:37,7:59,9:33
Misrata,5-22,4:19,5:57,1:00,4:37,7:59,9:32
Misrata,5-21,4:20,5:57,1:00,4:37,7:58,9:31
Misrata,5-20,4:21,5:58,1:00,4:37,7:57,9:30
Misrata,5-19,4:22,5:59,1:00,4:37,7:57,9:29
Misrata,5-18,4:23,5:59,1:00,4:37,7:56,9:28
Misrata,5-17,4:24,6:00,1:00,4:37,7:55,9:27
Misrata,5-16,4:25,6:00,1:00,4:37,7:55,9:26
Misrata,5-15,4:26,6:01,12:59,4:37,7:54,9:25
Misrata,5-14,4:27,6:02,12:59,4:37,7:53,9:24
Misrata,5-13,4:28,6:02,12:59,4:37,7:52,9:23
Misrata,5-12,4:29,6:03,12:59,4:37,7:52,9:22
Misrata,5-11,4:30,6:04,12:59,4:37,7:51,9:21
Misrata,5-10,4:31,6:05,12:59,4:37,7:50,9:20
Misrata,5-9,4:32,6:06,1:00,4:37,7:50,9:19
Misrata,5-8,4:33,6:06,1:00,4:37,7:49,9:18
Misrata,5-7,4:34,6:07,1:00,4:36,7:48,9:17
Misrata,5-6,4:35,6:08,1:00,4:36,7:47,9:16
Misrata,5-5,4:36,6:09,1:00,4:36,7:47,9:15
Misrata,5-4,4:38,6:10,1:00,4:36,7:46,9:14
Misrata,5-3,4:39,6:11,1:00,4:36,7:45,9:13
Misrata,5-2,4:40,6:12,1:00,4:36,7:44,9:12
Misrata,5-1,4:41,6:13,1:00,4:36,7:44,9:11
Misrata,4-30,4:42,6:14,1:00,4:36,7:43,9:10
Misrata,4-29,4:44,6:14,1:00,4:36,7:42,9:09
Misrata,4-28,4:45,6:15,1:00,4:36,7:41,9:08
Misrata,4-27,4:46,6:17,1:01,4:36,7:41,9:07
Misrata,4-26,4:48,6:18,1:01,4:36,7:40,9:06
Misrata,4-25,4:49,6:19,1:01,4:36,7:39,9:05
Misrata,4-24,4:50,6:20,1:01,4:36,7:39,9:04
Misrata,4-23,4:52,6:21,1:01,4:36,7:38,9:03
Misrata,4-22,4:53,6:22,1:01,4:36,7:37,9:02
Misrata,4-21,4:54,6:23,1:02,4:36,7:36,9:01
Misrata,4-20,4:56,6:24,1:02,4:36,7:36,9:00
Misrata,4-19,4:57,6:25,1:02,4:36,7:35,8:59
Misrata,4-18,4:58,6:26,1:02,4:36,7:34,8:58
Misrata,4-17,5:00,6:27,1:03,4:36,7:34,8:57
Misrata,4-16,5:01,6:29,1:03,4:36,7:33,8:56
Misrata,4-15,5:03,6:30,1:03,4:36,7:32,8:55
Misrata,4-14,5:04,6:31,1:03,4:36,7:31,8:54
Misrata,4-13,5:05,6:32,1:04,4:36,7:31,8:54
Misrata,4-12,5:07,6:33,1:04,4:36,7:30,8:53
Misrata,4-11,5:08,6:35,1:04,4:36,7:29,8:52
Misrata,4-10,5:10,6:36,1:04,4:36,7:29,8:51
Misrata,4-9,5:11,6:37,1:05,4:36,7:28,8:50
Misrata,4-8,5:13,6:38,1:05,4:36,7:27,8:49
Misrata,4-7,5:14,6:40,1:05,4:36,7:27,8:48
Misrata,4-6,5:16,6:41,1:05,4:36,7:26,8:47
Misrata,4-5,5:17,6:42,1:06,4:36,7:25,8:47
Misrata,4-4,5:18,6:44,1:06,4:36,7:25,8:46
Misrata,4-3,5:20,6:45,1:06,4:36,7:24,8:45
Misrata,4-2,5:21,6:46,1:07,4:36,7:23,8:44
Misrata,4-1,5:23,6:47,1:07,4:36,7:23,8:43
Misrata,3-31,5:24,6:49,1:07,4:35,7:22,8:42
Misrata,3-30,5:26,6:50,1:08,4:35,7:21,8:42
Misrata,3-29,5:27,6:51,1:08,4:35,7:21,8:41
Misrata,3-28,5:28,6:53,1:08,4:35,7:20,8:40
Misrata,3-27,5:30,6:54,1:09,4:35,7:19,8:39
Misrata,3-26,5:31,6:55,1:09,4:35,7:19,8:38
Misrata,3-25,5:33,6:57,1:09,4:35,7:18,8:38
Misrata,3-24,5:34,6:58,1:10,4:35,7:17,8:37
Misrata,3-23,5:36,6:59,1:10,4:34,7:16,8:36
Misrata,3-22,5:37,7:01,1:10,4:34,7:16,8:35
Misrata,3-21,5:38,7:02,1:10,4:34,7:15,8:35
Misrata,3-20,5:40,7:03,1:11,4:34,7:14,8:34
Misrata,3-19,5:41,7:05,1:11,4:34,7:14,8:33
Misrata,3-18,5:43,7:06,1:11,4:34,7:13,8:32
Misrata,3-17,5:44,7:07,1:12,4:33,7:12,8:32
Misrata,3-16,5:45,7:08,1:12,4:33,7:12,8:31
Misrata,3-15,5:47,7:10,1:12,4:33,7:11,8:30
Misrata,3-14,5:48,7:11,1:13,4:33,7:10,8:29
Misrata,3-13,5:49,7:12,1:13,4:32,7:10,8:29
Misrata,3-12,5:51,7:14,1:13,4:32,7:09,8:28
Misrata,3-11,5:52,7:15,1:14,4:32,7:08,8:27
Misrata,3-10,5:53,7:16,1:14,4:31,7:07,8:26
Misrata,3-9,5:54,7:17,1:14,4:31,7:07,8:26
Misrata,3-8,5:56,7:19,1:14,4:31,7:06,8:25
Misrata,3-7,5:57,7:20,1:15,4:31,7:05,8:24
Misrata,3-6,5:58,7:21,1:15,4:30,7:04,8:23
Misrata,3-5,5:59,7:22,1:15,4:30,7:04,8:23
Misrata,3-4,6:01,7:24,1:15,4:29,7:03,8:22
Misrata,3-3,6:02,7:25,1:16,4:29,7:02,8:21
Misrata,3-2,6:03,7:26,1:16,4:29,7:01,8:21
Misrata,3-1,6:04,7:27,1:16,4:28,7:01,8:20
Misrata,2-29,6:05,7:28,1:16,4:28,7:00,8:19
Misrata,2-28,6:05,7:28,1:16,4:28,7:00,8:19
Misrata,2-27,6:06,7:30,1:16,4:27,6:59,8:18
Misrata,2-26,6:07,7:31,1:16,4:27,6:58,8:18
Misrata,2-25,6:08,7:32,1:17,4:26,6:57,8:17
Misrata,2-24,6:10,7:33,1:17,4:26,6:57,8:16
Misrata,2-23,6:11,7:34,1:17,4:25,6:56,8:15
Misrata,2-22,6:12,7:35,1:17,4:25,6:55,8:15
Misrata,2-21,6:13,7:36,1:17,4:24,6:54,8:14
Misrata,2-20,6:14,7:37,1:17,4:24,6:53,8:13
Misrata,2-19,6:15,7:38,1:17,4:23,6:52,8:12
Misrata,2-18,6:15,7:39,1:17,4:23,6:52,8:12
Misrata,2-17,6:16,7:40,1:18,4:22,6:51,8:11
Misrata,2-16,6:17,7:41,1:18,4:21,6:50,8:10
Misrata,2-15,6:18,7:42,1:18,4:21,6:49,8:09
Misrata,2-14,6:19,7:43,1:18,4:20,6:48,8:08
Misrata,2-13,6:20,7:44,1:18,4:19,6:47,8:08
Misrata,2-12,6:21,7:45,1:18,4:19,6:46,8:07
Misrata,2-11,6:21,7:46,1:18,4:18,6:45,8:06
Misrata,2-10,6:22,7:47,1:18,4:17,6:45,8:05
Misrata,2-9,6:23,7:48,1:18,4:17,6:44,8:04
Misrata,2-8,6:24,7:49,1:18,4:16,6:43,8:04
Misrata,2-7,6:24,7:49,1:18,4:15,6:42,8:03
Misrata,2-6,6:25,7:50,1:17,4:15,6:41,8:02
Misrata,2-5,6:26,7:51,1:17,4:14,6:40,8:01
Misrata,2-4,6:26,7:52,1:17,4:13,6:39,8:00
Misrata,2-3,6:27,7:52,1:17,4:12,6:38,8:00
Misrata,2-2,6:27,7:53,1:17,4:12,6:37,7:59
Misrata,2-1,6:28,7:54,1:17,4:11,6:36,7:58
Misrata,1-31,6:28,7:54,1:17,4:10,6:35,7:57
Misrata,1-30,6:29,7:55,1:17,4:09,6:34,7:56
Misrata,1-29,6:29,7:55,1:16,4:08,6:33,7:56
Misrata,1-28,6:30,7:56,1:16,4:08,6:32,7:55
Misrata,1-27,6:30,7:57,1:16,4:07,6:31,7:54
Misrata,1-26,6:30,7:57,1:16,4:06,6:30,7:53
Misrata,1-25,6:31,7:58,1:16,4:05,6:30,7:52
Misrata,1-24,6:31,7:58,1:15,4:04,6:29,7:52
Misrata,1-23,6:31,7:58,1:15,4:04,6:28,7:51
Misrata,1-22,6:32,7:59,1:15,4:03,6:27,7:50
Misrata,1-21,6:32,7:59,1:14,4:02,6:26,7:49
Misrata,1-20,6:32,8:00,1:14,4:01,6:25,7:48
Misrata,1-19,6:32,8:00,1:14,4:00,6:24,7:48
Misrata,1-18,6:32,8:00,1:14,3:59,6:23,7:47
Misrata,1-17,6:32,8:00,1:13,3:59,6:22,7:46
Misrata,1-16,6:33,8:01,1:13,3:58,6:21,7:45
Misrata,1-15,6:33,8:01,1:13,3:57,6:20,7:44
Misrata,1-14,6:33,8:01,1:12,3:56,6:19,7:44
Misrata,1-13,6:33,8:01,1:12,3:55,6:18,7:43
Misrata,1-12,6:33,8:01,1:11,3:55,6:18,7:42
Misrata,1-11,6:33,8:01,1:11,3:54,6:17,7:41
Misrata,1-10,6:33,8:01,1:11,3:53,6:16,7:41
Misrata,1-9,6:33,8:01,1:10,3:52,6:15,7:40
Misrata,1-8,6:33,8:01,1:10,3:51,6:14,7:39
Misrata,1-7,6:32,8:01,1:09,3:51,6:13,7:38
Misrata,1-6,6:32,8:01,1:09,3:50,6:12,7:38
Misrata,1-5,6:32,8:01,1:08,3:49,6:12,7:37
Misrata,1-4,6:32,8:01,1:08,3:48,6:11,7:36
Misrata,1-3,6:32,8:01,1:08,3:48,6:10,7:36
Misrata,1-2,6:31,8:01,1:07,3:47,6:09,7:35
Misrata,1-1,6:31,8:01,1:07,3:46,6:09,7:34
Sabha,12-31,6:26,7:51,1:09,3:59,6:23,7:43
Sabha,12-30,6:26,7:50,1:08,3:59,6:22,7:43
Sabha,12-29,6:25,7:50,1:08,3:58,6:21,7:42
Sabha,12-28,6:25,7:50,1:07,3:58,6:21,7:41
Sabha,12-27,6:25,7:49,1:07,3:57,6:20,7:41
Sabha,12-26,6:24,7:49,1:06,3:56,6:20,7:40
Sabha,12-25,6:24,7:49,1:06,3:56,6:19,7:40
Sabha,12-24,6:23,7:48,1:05,3:55,6:18,7:39
Sabha,12-23,6:23,7:48,1:05,3:55,6:18,7:39
Sabha,12-22,6:22,7:47,1:04,3:54,6:17,7:38
Sabha,12-21,6:22,7:47,1:04,3:54,6:17,7:38
Sabha,12-20,6:21,7:46,1:03,3:53,6:16,7:37
Sabha,12-19,6:21,7:46,1:03,3:53,6:16,7:37
Sabha,12-18,6:20,7:45,1:02,3:53,6:16,7:36
Sabha,12-17,6:20,7:45,1:02,3:52,6:15,7:36
Sabha,12-16,6:19,7:44,1:01,3:52,6:15,7:36
Sabha,12-15,6:19,7:43,1:01,3:51,6:14,7:35
Sabha,12-14,6:18,7:43,1:00,3:51,6:14,7:35
Sabha,12-13,6:18,7:42,1:00,3:51,6:14,7:34
Sabha,12-12,6:17,7:42,1:00,3:50,6:14,7:34
Sabha,12-11,6:16,7:41,12:59,3:50,6:13,7:34
Sabha,12-10,6:16,7:40,12:59,3:50,6:13,7:34
Sabha,12-9,6:15,7:40,12:58,3:50,6:13,7:33
Sabha,12-8,6:15,7:39,12:58,3:49,6:13,7:33
Sabha,12-7,6:14,7:38,12:57,3:49,6:12,7:33
Sabha,12-6,6:13,7:38,12:57,3:49,6:12,7:33
Sabha,12-5,6:13,7:37,12:56,3:49,6:12,7:32
Sabha,12-4,6:12,7:36,12:56,3:49,6:12,7:32
Sabha,12-3,6:11,7:35,12:56,3:48,6:12,7:32
Sabha,12-2,6:11,7:35,12:55,3:48,6:12,7:32
Sabha,12-1,6:10,7:34,12:55,3:48,6:12,7:32
Sabha,11-30,6:09,7:33,12:55,3:48,6:12,7:32
Sabha,11-29,6:09,7:32,12:54,3:48,6:12,7:32
Sabha,11-28,6:08,7:32,12:54,3:48,6:12,7:32
Sabha,11-27,6:07,7:31,12:53,3:48,6:12,7:32
Sabha,11-26,6:07,7:30,12:53,3:48,6:12,7:32
Sabha,11-25,6:06,7:29,12:53,3:48,6:12,7:32
Sabha,11-24,6:05,7:29,12:53,3:48,6:13,7:32
Sabha,11-23,6:05,7:28,12:52,3:48,6:13,7:32
Sabha,11-22,6:04,7:27,12:52,3:49,6:13,7:32
Sabha,11-21,6:04,7:26,12:52,3:49,6:13,7:32
Sabha,11-20,6:03,7:25,12:51,3:49,6:13,7:32
Sabha,11-19,6:02,7:25,12:51,3:49,6:14,7:32
Sabha,11-18,6:02,7:24,12:51,3:49,6:14,7:32
Sabha,11-17,6:01,7:23,12:51,3:49,6:14,7:33
Sabha,11-16,6:00,7:22,12:51,3:50,6:15,7:33
Sabha,11-15,6:00,7:22,12:50,3:50,6:15,7:33
Sabha,11-14,5:59,7:21,12:50,3:50,6:15,7:33
Sabha,11-13,5:58,7:20,12:50,3:50,6:16,7:34
Sabha,11-12,5:58,7:19,12:50,3:51,6:16,7:34
Sabha,11-11,5:57,7:19,12:50,3:51,6:17,7:34
Sabha,11-10,5:56,7:18,12:50,3:51,6:17,7:35
Sabha,11-9,5:56,7:17,12:50,3:52,6:18,7:35
Sabha,11-8,5:55,7:16,12:49,3:52,6:18,7:36
Sabha,11-7,5:55,7:16,12:49,3:53,6:19,7:36
Sabha,11-6,5:54,7:15,12:49,3:53,6:20,7:37
Sabha,11-5,5:53,7:14,12:49,3:53,6:20,7:37
Sabha,11-4,5:53,7:14,12:49,3:54,6:21,7:38
Sabha,11-3,5:52,7:13,12:49,3:54,6:21,7:38
Sabha,11-2,5:52,7:12,12:49,3:55,6:22,7:39
Sabha,11-1,5:51,7:11,12:49,3:55,6:23,7:39
Sabha,10-31,5:51,7:11,12:49,3:56,6:24,7:40
Sabha,10-30,5:50,7:10,12:49,3:56,6:24,7:40
Sabha,10-29,5:49,7:09,12:49,3:57,6:25,7:41
Sabha,10-28,5:49,7:09,12:49,3:57,6:26,7:42
Sabha,10-27,5:48,7:08,12:49,3:58,6:27,7:43
Sabha,10-26,5:48,7:07,12:49,3:59,6:27,7:43
Sabha,10-25,5:47,7:07,12:50,3:59,6:28,7:44
Sabha,10-24,5:47,7:06,12:50,4:00,6:29,7:45
Sabha,10-23,5:46,7:06,12:50,4:00,6:30,7:46
Sabha,10-22,5:46,7:05,12:50,4:01,6:31,7:46
Sabha,10-21,5:45,7:04,12:50,4:02,6:32,7:47
Sabha,10-20,5:45,7:04,12:50,4:02,6:33,7:48
Sabha,10-19,5:44,7:03,12:50,4:03,6:34,7:49
Sabha,10-18,5:44,7:03,12:51,4:04,6:35,7:50
Sabha,10-17,5:43,7:02,12:51,4:04,6:36,7:51
Sabha,10-16,5:43,7:02,12:51,4:05,6:37,7:52
Sabha,10-15,5:42,7:01,12:51,4:06,6:38,7:52
Sabha,10-14,5:42,7:00,12:51,4:06,6:39,7:53
Sabha,10-13,5:41,7:00,12:52,4:07,6:40,7:54
Sabha,10-12,5:41,6:59,12:52,4:08,6:41,7:55
Sabha,10-11,5:40,6:59,12:52,4:08,6:42,7:56
Sabha,10-10,5:40,6:58,12:53,4:09,6:43,7:57
Sabha,10-9,5:39,6:58,12:53,4:10,6:44,7:58
Sabha,10-8,5:39,6:57,12:53,4:10,6:45,7:59
Sabha,10-7,5:38,6:57,12:53,4:11,6:46,8:01
Sabha,10-6,5:38,6:56,12:54,4:12,6:47,8:02
Sabha,10-5,5:37,6:56,12:54,4:13,6:48,8:03
Sabha,10-4,5:37,6:55,12:54,4:13,6:49,8:04
Sabha,10-3,5:36,6:55,12:55,4:14,6:50,8:05
Sabha,10-2,5:36,6:55,12:55,4:15,6:51,8:06
Sabha,10-1,5:35,6:54,12:55,4:15,6:52,8:07
Sabha,9-30,5:35,6:54,12:56,4:16,6:54,8:08
Sabha,9-29,5:34,6:53,12:56,4:17,6:55,8:09
Sabha,9-28,5:34,6:53,12:56,4:17,6:56,8:11
Sabha,9-27,5:34,6:52,12:57,4:18,6:57,8:12
Sabha,9-26,5:33,6:52,12:57,4:19,6:58,8:13
Sabha,9-25,5:33,6:51,12:57,4:19,6:59,8:14
Sabha,9-24,5:32,6:51,12:58,4:20,7:00,8:15
Sabha,9-23,5:32,6:51,12:58,4:21,7:02,8:17
Sabha,9-22,5:31,6:50,12:58,4:21,7:03,8:18
Sabha,9-21,5:31,6:50,12:59,4:22,7:04,8:19
Sabha,9-20,5:30,6:49,12:59,4:23,7:05,8:20
Sabha,9-19,5:30,6:49,1:00,4:23,7:06,8:21
Sabha,9-18,5:29,6:48,1:00,4:24,7:07,8:23
Sabha,9-17,5:29,6:48,1:00,4:25,7:09,8:24
Sabha,9-16,5:28,6:48,1:01,4:25,7:10,8:25
Sabha,9-15,5:28,6:47,1:01,4:26,7:11,8:26
Sabha,9-14,5:27,6:47,1:01,4:26,7:12,8:28
Sabha,9-13,5:27,6:46,1:02,4:27,7:13,8:29
Sabha,9-12,5:26,6:46,1:02,4:28,7:14,8:30
Sabha,9-11,5:26,6:45,1:03,4:28,7:16,8:31
Sabha,9-10,5:25,6:45,1:03,4:29,7:17,8:33
Sabha,9-9,5:25,6:45,1:03,4:29,7:18,8:34
Sabha,9-8,5:24,6:44,1:04,4:30,7:19,8:35
Sabha,9-7,5:23,6:44,1:04,4:30,7:20,8:36
Sabha,9-6,5:23,6:43,1:04,4:31,7:21,8:38
Sabha,9-5,5:22,6:43,1:05,4:31,7:22,8:39
Sabha,9-4,5:22,6:42,1:05,4:32,7:23,8:40
Sabha,9-3,5:21,6:42,1:05,4:32,7:25,8:41
Sabha,9-2,5:21,6:42,1:06,4:33,7:26,8:43
Sabha,9-1,5:20,6:41,1:06,4:33,7:27,8:44
Sabha,8-31,5:19,6:41,1:06,4:34,7:28,8:45
Sabha,8-30,5:19,6:40,1:07,4:34,7:29,8:46
Sabha,8-29,5:18,6:40,1:07,4:34,7:30,8:48
Sabha,8-28,5:18,6:39,1:07,4:35,7:31,8:49
Sabha,8-27,5:17,6:39,1:07,4:35,7:32,8:50
Sabha,8-26,5:16,6:38,1:08,4:35,7:33,8:51
Sabha,8-25,5:16,6:38,1:08,4:36,7:34,8:52
Sabha,8-24,5:15,6:37,1:08,4:36,7:35,8:54
Sabha,8-23,5:14,6:37,1:09,4:36,7:36,8:55
Sabha,8-22,5:14,6:37,1:09,4:37,7:37,8:56
Sabha,8-21,5:13,6:36,1:09,4:37,7:38,8:57
Sabha,8-20,5:12,6:36,1:09,4:37,7:39,8:58
Sabha,8-19,5:12,6:35,1:09,4:37,7:40,8:59
Sabha,8-18,5:11,6:35,1:10,4:38,7:41,9:00
Sabha,8-17,5:10,6:34,1:10,4:38,7:42,9:02
Sabha,8-16,5:10,6:34,1:10,4:38,7:43,9:03
Sabha,8-15,5:09,6:33,1:10,4:38,7:43,9:04
Sabha,8-14,5:08,6:33,1:10,4:38,7:44,9:05
Sabha,8-13,5:07,6:32,1:11,4:38,7:45,9:06
Sabha,8-12,5:07,6:32,1:11,4:39,7:46,9:07
Sabha,8-11,5:06,6:31,1:11,4:39,7:47,9:08
Sabha,8-10,5:05,6:31,1:11,4:39,7:48,9:09
Sabha,8-9,5:04,6:30,1:11,4:39,7:48,9:10
Sabha,8-8,5:04,6:29,1:11,4:39,7:49,9:11
Sabha,8-7,5:03,6:29,1:11,4:39,7:50,9:12
Sabha,8-6,5:02,6:28,1:12,4:39,7:51,9:13
Sabha,8-5,5:01,6:28,1:12,4:39,7:51,9:14
Sabha,8-4,5:01,6:27,1:12,4:39,7:52,9:15
Sabha,8-3,5:00,6:27,1:12,4:39,7:53,9:16
Sabha,8-2,4:59,6:26,1:12,4:39,7:53,9:17
Sabha,8-1,4:58,6:26,1:12,4:39,7:54,9:17
Sabha,7-31,4:58,6:25,1:12,4:39,7:55,9:18
Sabha,7-30,4:57,6:25,1:12,4:39,7:55,9:19
Sabha,7-29,4:56,6:24,1:12,4:39,7:56,9:20
Sabha,7-28,4:55,6:24,1:12,4:39,7:56,9:21
Sabha,7-27,4:55,6:23,1:12,4:38,7:57,9:21
Sabha,7-26,4:54,6:23,1:12,4:38,7:57,9:22
Sabha,7-25,4:53,6:22,1:12,4:38,7:58,9:23
Sabha,7-24,4:52,6:21,1:12,4:38,7:58,9:24
Sabha,7-23,4:52,6:21,1:12,4:38,7:59,9:24
Sabha,7-22,4:51,6:20,1:12,4:38,7:59,9:25
Sabha,7-21,4:50,6:20,1:12,4:38,8:00,9:26
Sabha,7-20,4:49,6:19,1:12,4:37,8:00,9:26
Sabha,7-19,4:49,6:19,1:12,4:37,8:01,9:27
Sabha,7-18,4:48,6:18,1:12,4:37,8:01,9:27
Sabha,7-17,4:47,6:18,1:12,4:37,8:01,9:28
Sabha,7-16,4:47,6:17,1:11,4:37,8:02,9:28
Sabha,7-15,4:46,6:17,1:11,4:36,8:02,9:29
Sabha,7-14,4:45,6:16,1:11,4:36,8:02,9:29
Sabha,7-13,4:45,6:16,1:11,4:36,8:02,9:30
Sabha,7-12,4:44,6:15,1:11,4:36,8:03,9:30
Sabha,7-11,4:43,6:15,1:11,4:35,8:03,9:30
Sabha,7-10,4:43,6:14,1:11,4:35,8:03,9:31
Sabha,7-9,4:42,6:14,1:11,4:35,8:03,9:31
Sabha,7-8,4:42,6:14,1:10,4:35,8:03,9:31
Sabha,7-7,4:41,6:13,1:10,4:34,8:03,9:32
Sabha,7-6,4:40,6:13,1:10,4:34,8:03,9:32
Sabha,7-5,4:40,6:12,1:10,4:34,8:04,9:32
Sabha,7-4,4:39,6:12,1:10,4:34,8:04,9:32
Sabha,7-3,4:39,6:12,1:10,4:34,8:04,9:32
Sabha,7-2,4:38,6:11,1:09,4:33,8:04,9:32
Sabha,7-1,4:38,6:11,1:09,4:33,8:04,9:32
Sabha,6-30,4:38,6:10,1:09,4:33,8:04,9:33
Sabha,6-29,4:37,6:10,1:09,4:33,8:04,9:33
Sabha,6-28,4:37,6:10,1:09,4:32,8:04,9:33
Sabha,6-27,4:36,6:10,1:08,4:32,8:03,9:33
Sabha,6-26,4:36,6:09,1:08,4:32,8:03,9:32
Sabha,6-25,4:36,6:09,1:08,4:32,8:03,9:32
Sabha,6-24,4:35,6:09,1:08,4:31,8:03,9:32
Sabha,6-23,4:35,6:08,1:08,4:31,8:03,9:32
Sabha,6-22,4:35,6:08,1:07,4:31,8:03,9:32
Sabha,6-21,4:35,6:08,1:07,4:31,8:03,9:32
Sabha,6-20,4:35,6:08,1:07,4:31,8:02,9:32
Sabha,6-19,4:34,6:08,1:07,4:30,8:02,9:31
Sabha,6-18,4:34,6:07,1:07,4:30,8:02,9:31
Sabha,6-17,4:34,6:07,1:06,4:30,8:02,9:31
Sabha,6-16,4:34,6:07,1:06,4:30,8:01,9:30
Sabha,6-15,4:34,6:07,1:06,4:30,8:01,9:30
Sabha,6-14,4:34,6:07,1:06,4:29,8:01,9:30
Sabha,6-13,4:34,6:07,1:06,4:29,8:00,9:29
Sabha,6-12,4:34,6:07,1:05,4:29,8:00,9:29
Sabha,6-11,4:34,6:07,1:05,4:29,8:00,9:28
Sabha,6-10,4:34,6:07,1:05,4:29,7:59,9:28
Sabha,6-9,4:34,6:07,1:05,4:29,7:59,9:27
Sabha,6-8,4:34,6:07,1:05,4:29,7:58,9:27
Sabha,6-7,4:35,6:07,1:05,4:29,7:58,9:26
Sabha,6-6,4:35,6:07,1:04,4:29,7:58,9:26
Sabha,6-5,4:35,6:07,1:04,4:28,7:57,9:25
Sabha,6-4,4:35,6:07,1:04,4:28,7:57,9:25
Sabha,6-3,4:36,6:07,1:04,4:28,7:56,9:24
Sabha,6-2,4:36,6:08,1:04,4:28,7:56,9:24
Sabha,6-1,4:36,6:08,1:04,4:28,7:55,9:23
Sabha,5-31,4:37,6:08,1:03,4:28,7:55,9:22
Sabha,5-30,4:37,6:08,1:03,4:28,7:54,9:22
Sabha,5-29,4:37,6:08,1:03,4:28,7:54,9:21
Sabha,5-28,4:38,6:09,1:03,4:28,7:53,9:20
Sabha,5-27,4:38,6:09,1:03,4:28,7:53,9:20
Sabha,5-26,4:39,6:09,1:03,4:28,7:52,9:19
Sabha,5-25,4:39,6:10,1:03,4:28,7:52,9:18
Sabha,5-24,4:40,6:10,1:03,4:28,7:51,9:17
Sabha,5-23,4:40,6:10,1:02,4:28,7:51,9:17
Sabha,5-22,4:41,6:11,1:02,4:28,7:50,9:16
Sabha,5-21,4:42,6:11,1:02,4:28,7:50,9:15
Sabha,5-20,4:42,6:11,1:02,4:28,7:49,9:14
Sabha,5-19,4:43,6:12,1:02,4:28,7:48,9:14
Sabha,5-18,4:43,6:12,1:02,4:28,7:48,9:13
Sabha,5-17,4:44,6:13,1:02,4:28,7:47,9:12
Sabha,5-16,4:45,6:13,1:02,4:29,7:47,9:11
Sabha,5-15,4:46,6:14,1:02,4:29,7:46,9:10
Sabha,5-14,4:46,6:14,1:02,4:29,7:46,9:10
Sabha,5-13,4:47,6:15,1:02,4:29,7:45,9:09
Sabha,5-12,4:48,6:16,1:02,4:29,7:44,9:08
Sabha,5-11,4:49,6:16,1:02,4:29,7:44,9:07
Sabha,5-10,4:50,6:17,1:02,4:29,7:43,9:06
Sabha,5-9,4:51,6:17,1:02,4:29,7:43,9:06
Sabha,5-8,4:51,6:18,1:02,4:29,7:42,9:05
Sabha,5-7,4:52,6:19,1:02,4:29,7:42,9:04
Sabha,5-6,4:53,6:19,1:02,4:30,7:41,9:03
Sabha,5-5,4:54,6:20,1:02,4:30,7:40,9:02
Sabha,5-4,4:55,6:21,1:02,4:30,7:40,9:02
Sabha,5-3,4:56,6:22,1:02,4:30,7:39,9:01
Sabha,5-2,4:57,6:22,1:03,4:30,7:39,9:00
Sabha,5-1,4:58,6:23,1:03,4:30,7:38,8:59
Sabha,4-30,4:59,6:24,1:03,4:31,7:38,8:58
Sabha,4-29,5:00,6:25,1:03,4:31,7:37,8:58
Sabha,4-28,5:01,6:26,1:03,4:31,7:37,8:57
Sabha,4-27,5:02,6:26,1:03,4:31,7:36,8:56
Sabha,4-26,5:03,6:27,1:03,4:31,7:35,8:55
Sabha,4-25,5:04,6:28,1:03,4:31,7:35,8:55
Sabha,4-24,5:05,6:29,1:04,4:32,7:34,8:54
Sabha,4-23,5:07,6:30,1:04,4:32,7:34,8:53
Sabha,4-22,5:08,6:31,1:04,4:32,7:33,8:52
Sabha,4-21,5:09,6:32,1:04,4:32,7:33,8:52
Sabha,4-20,5:10,6:33,1:04,4:32,7:32,8:51
Sabha,4-19,5:11,6:34,1:05,4:32,7:32,8:50
Sabha,4-18,5:12,6:35,1:05,4:33,7:31,8:49
Sabha,4-17,5:13,6:36,1:05,4:33,7:31,8:49
Sabha,4-16,5:15,6:37,1:05,4:33,7:30,8:48
Sabha,4-15,5:16,6:38,1:06,4:33,7:30,8:47
Sabha,4-14,5:17,6:39,1:06,4:33,7:29,8:47
Sabha,4-13,5:18,6:40,1:06,4:33,7:29,8:46
Sabha,4-12,5:19,6:41,1:06,4:34,7:28,8:45
Sabha,4-11,5:20,6:42,1:07,4:34,7:28,8:45
Sabha,4-10,5:22,6:43,1:07,4:34,7:27,8:44
Sabha,4-9,5:23,6:44,1:07,4:34,7:27,8:43
Sabha,4-8,5:24,6:45,1:07,4:34,7:26,8:43
Sabha,4-7,5:25,6:46,1:08,4:34,7:26,8:42
Sabha,4-6,5:27,6:47,1:08,4:35,7:25,8:41
Sabha,4-5,5:28,6:48,1:08,4:35,7:25,8:41
Sabha,4-4,5:29,6:49,1:09,4:35,7:24,8:40
Sabha,4-3,5:30,6:50,1:09,4:35,7:24,8:40
Sabha,4-2,5:31,6:51,1:09,4:35,7:23,8:39
Sabha,4-1,5:33,6:52,1:10,4:35,7:23,8:38
Sabha,3-31,5:34,6:54,1:10,4:35,7:22,8:38
Sabha,3-30,5:35,6:55,1:10,4:35,7:22,8:37
Sabha,3-29,5:36,6:56,1:10,4:36,7:21,8:37
Sabha,3-28,5:37,6:57,1:11,4:36,7:21,8:36
Sabha,3-27,5:39,6:58,1:11,4:36,7:20,8:36
Sabha,3-26,5:40,6:59,1:11,4:36,7:20,8:35
Sabha,3-25,5:41,7:00,1:12,4:36,7:19,8:34
Sabha,3-24,5:42,7:01,1:12,4:36,7:19,8:34
Sabha,3-23,5:43,7:03,1:12,4:36,7:18,8:33
Sabha,3-22,5:45,7:04,1:13,4:36,7:18,8:33
Sabha,3-21,5:46,7:05,1:13,4:36,7:17,8:32
Sabha,3-20,5:47,7:06,1:13,4:36,7:17,8:32
Sabha,3-19,5:48,7:07,1:14,4:36,7:16,8:31
Sabha,3-18,5:49,7:08,1:14,4:36,7:16,8:31
Sabha,3-17,5:50,7:09,1:14,4:36,7:15,8:30
Sabha,3-16,5:52,7:10,1:15,4:36,7:15,8:30
Sabha,3-15,5:53,7:11,1:15,4:36,7:14,8:29
Sabha,3-14,5:54,7:13,1:15,4:36,7:14,8:29
Sabha,3-13,5:55,7:14,1:15,4:36,7:13,8:28
Sabha,3-12,5:56,7:15,1:16,4:36,7:13,8:27
Sabha,3-11,5:57,7:16,1:16,4:36,7:12,8:27
Sabha,3-10,5:58,7:17,1:16,4:36,7:12,8:26
Sabha,3-9,5:59,7:18,1:17,4:35,7:11,8:26
Sabha,3-8,6:00,7:19,1:17,4:35,7:11,8:25
Sabha,3-7,6:01,7:20,1:17,4:35,7:10,8:25
Sabha,3-6,6:02,7:21,1:17,4:35,7:10,8:24
Sabha,3-5,6:03,7:22,1:18,4:35,7:09,8:24
Sabha,3-4,6:04,7:23,1:18,4:35,7:08,8:23
Sabha,3-3,6:05,7:24,1:18,4:34,7:08,8:23
Sabha,3-2,6:06,7:25,1:18,4:34,7:07,8:22
Sabha,3-1,6:07,7:26,1:18,4:34,7:07,8:22
Sabha,2-29,6:08,7:27,1:19,4:34,7:06,8:21
Sabha,2-28,6:08,7:27,1:19,4:34,7:06,8:21
Sabha,2-27,6:09,7:28,1:19,4:33,7:06,8:20
Sabha,2-26,6:10,7:29,1:19,4:33,7:05,8:20
Sabha,2-25,6:11,7:30,1:19,4:33,7:04,8:19
Sabha,2-24,6:12,7:31,1:19,4:33,7:04,8:19
Sabha,2-23,6:13,7:32,1:19,4:32,7:03,8:18
Sabha,2-22,6:14,7:33,1:20,4:32,7:02,8:18
Sabha,2-21,6:14,7:34,1:20,4:32,7:02,8:17
Sabha,2-20,6:15,7:35,1:20,4:31,7:01,8:17
Sabha,2-19,6:16,7:35,1:20,4:31,7:00,8:16
Sabha,2-18,6:17,7:36,1:20,4:30,7:00,8:15
Sabha,2-17,6:17,7:37,1:20,4:30,6:59,8:15
Sabha,2-16,6:18,7:38,1:20,4:30,6:58,8:14
Sabha,2-15,6:19,7:39,1:20,4:29,6:58,8:14
Sabha,2-14,6:19,7:39,1:20,4:29,6:57,8:13
Sabha,2-13,6:20,7:40,1:20,4:28,6:56,8:12
Sabha,2-12,6:21,7:41,1:20,4:28,6:56,8:12
Sabha,2-11,6:21,7:42,1:20,4:27,6:55,8:11
Sabha,2-10,6:22,7:42,1:20,4:27,6:54,8:11
Sabha,2-9,6:22,7:43,1:20,4:26,6:53,8:10
Sabha,2-8,6:23,7:44,1:20,4:26,6:53,8:09
Sabha,2-7,6:24,7:44,1:20,4:25,6:52,8:09
Sabha,2-6,6:24,7:45,1:20,4:24,6:51,8:08
Sabha,2-5,6:25,7:45,1:20,4:24,6:50,8:07
Sabha,2-4,6:25,7:46,1:20,4:23,6:50,8:07
Sabha,2-3,6:25,7:47,1:20,4:23,6:49,8:06
Sabha,2-2,6:26,7:47,1:20,4:22,6:48,8:05
Sabha,2-1,6:26,7:48,1:19,4:21,6:47,8:05
Sabha,1-31,6:27,7:48,1:19,4:21,6:47,8:04
Sabha,1-30,6:27,7:48,1:19,4:20,6:46,8:03
Sabha,1-29,6:27,7:49,1:19,4:19,6:45,8:03
Sabha,1-28,6:27,7:49,1:19,4:19,6:44,8:02
Sabha,1-27,6:28,7:50,1:19,4:18,6:43,8:01
Sabha,1-26,6:28,7:50,1:18,4:17,6:43,8:01
Sabha,1-25,6:28,7:50,1:18,4:17,6:42,8:00
Sabha,1-24,6:28,7:51,1:18,4:16,6:41,7:59
Sabha,1-23,6:28,7:51,1:18,4:15,6:40,7:59
Sabha,1-22,6:29,7:51,1:17,4:15,6:39,7:58
Sabha,1-21,6:29,7:51,1:17,4:14,6:39,7:57
Sabha,1-20,6:29,7:52,1:17,4:13,6:38,7:57
Sabha,1-19,6:29,7:52,1:16,4:13,6:37,7:56
Sabha,1-18,6:29,7:52,1:16,4:12,6:36,7:55
Sabha,1-17,6:29,7:52,1:16,4:11,6:35,7:55
Sabha,1-16,6:29,7:52,1:15,4:10,6:35,7:54
Sabha,1-15,6:29,7:52,1:15,4:10,6:34,7:53
Sabha,1-14,6:29,7:52,1:15,4:09,6:33,7:52
Sabha,1-13,6:29,7:52,1:14,4:08,6:32,7:52
Sabha,1-12,6:29,7:52,1:14,4:08,6:31,7:51
Sabha,1-11,6:29,7:52,1:14,4:07,6:31,7:50
Sabha,1-10,6:29,7:52,1:13,4:06,6:30,7:50
Sabha,1-9,6:28,7:52,1:13,4:06,6:29,7:49
Sabha,1-8,6:28,7:52,1:12,4:05,6:28,7:48
Sabha,1-7,6:28,7:52,1:12,4:04,6:28,7:48
Sabha,1-6,6:28,7:52,1:11,4:03,6:27,7:47
Sabha,1-5,6:28,7:52,1:11,4:03,6:26,7:46
Sabha,1-4,6:27,7:52,1:11,4:02,6:25,7:46
Sabha,1-3,6:27,7:51,1:10,4:01,6:25,7:45
Sabha,1-2,6:27,7:51,1:10,4:01,6:24,7:45
Sabha,1-1,6:26,7:51,1:09,4:00,6:23,7:44
Sert,12-31,6:23,7:52,1:00,3:42,6:05,7:29
Sert,12-30,6:23,7:51,1:00,3:42,6:04,7:28
Sert,12-29,6:23,7:51,12:59,3:41,6:03,7:28
Sert,12-28,6:22,7:51,12:59,3:40,6:03,7:27
Sert,12-27,6:22,7:50,12:58,3:40,6:02,7:27
Sert,12-26,6:21,7:50,12:58,3:39,6:01,7:26
Sert,12-25,6:21,7:50,12:57,3:39,6:01,7:25
Sert,12-24,6:21,7:49,12:57,3:38,6:00,7:25
Sert,12-23,6:20,7:49,12:56,3:38,6:00,7:24
Sert,12-22,6:20,7:48,12:56,3:37,5:59,7:24
Sert,12-21,6:19,7:48,12:55,3:37,5:59,7:23
Sert,12-20,6:19,7:47,12:55,3:36,5:58,7:23
Sert,12-19,6:18,7:47,12:54,3:36,5:58,7:23
Sert,12-18,6:18,7:46,12:54,3:35,5:58,7:22
Sert,12-17,6:17,7:46,12:53,3:35,5:57,7:22
Sert,12-16,6:16,7:45,12:53,3:34,5:57,7:21
Sert,12-15,6:16,7:44,12:52,3:34,5:56,7:21
Sert,12-14,6:15,7:44,12:52,3:34,5:56,7:21
Sert,12-13,6:15,7:43,12:51,3:33,5:56,7:20
Sert,12-12,6:14,7:42,12:51,3:33,5:56,7:20
Sert,12-11,6:13,7:42,12:51,3:33,5:55,7:20
Sert,12-10,6:13,7:41,12:50,3:33,5:55,7:19
Sert,12-9,6:12,7:40,12:50,3:32,5:55,7:19
Sert,12-8,6:12,7:40,12:49,3:32,5:55,7:19
Sert,12-7,6:11,7:39,12:49,3:32,5:55,7:19
Sert,12-6,6:11,7:39,12:49,3:32,5:55,7:19
Sert,12-5,6:10,7:37,12:48,3:32,5:55,7:18
Sert,12-4,6:09,7:37,12:48,3:32,5:55,7:18
Sert,12-3,6:08,7:36,12:47,3:32,5:55,7:18
Sert,12-2,6:07,7:35,12:47,3:32,5:55,7:18
Sert,12-1,6:07,7:34,12:46,3:32,5:55,7:18
Sert,11-30,6:06,7:33,12:46,3:32,5:55,7:18
Sert,11-29,6:05,7:32,12:46,3:32,5:55,7:18
Sert,11-28,6:05,7:32,12:45,3:32,5:55,7:18
Sert,11-27,6:04,7:31,12:45,3:32,5:55,7:18
Sert,11-26,6:03,7:30,12:45,3:32,5:55,7:18
Sert,11-25,6:02,7:29,12:44,3:32,5:56,7:18
Sert,11-24,6:02,7:28,12:44,3:32,5:56,7:18
Sert,11-23,6:01,7:27,12:44,3:32,5:56,7:19
Sert,11-22,6:00,7:27,12:43,3:33,5:56,7:19
Sert,11-21,5:59,7:26,12:43,3:33,5:57,7:19
Sert,11-20,5:59,7:25,12:43,3:33,5:57,7:19
Sert,11-19,5:58,7:24,12:43,3:33,5:57,7:19
Sert,11-18,5:57,7:23,12:42,3:34,5:58,7:20
Sert,11-17,5:56,7:22,12:42,3:34,5:58,7:20
Sert,11-16,5:56,7:21,12:42,3:34,5:59,7:20
Sert,11-15,5:55,7:20,12:42,3:35,5:59,7:21
Sert,11-14,5:54,7:20,12:42,3:35,6:00,7:21
Sert,11-13,5:53,7:19,12:41,3:35,6:00,7:22
Sert,11-12,5:53,7:18,12:41,3:36,6:01,7:22
Sert,11-11,5:52,7:17,12:41,3:36,6:02,7:22
Sert,11-10,5:51,7:16,12:41,3:37,6:02,7:23
Sert,11-9,5:50,7:15,12:41,3:37,6:03,7:23
Sert,11-8,5:50,7:14,12:41,3:38,6:03,7:24
Sert,11-7,5:49,7:13,12:41,3:38,6:04,7:25
Sert,11-6,5:48,7:13,12:41,3:39,6:05,7:25
Sert,11-5,5:48,7:12,12:41,3:39,6:06,7:26
Sert,11-4,5:47,7:11,12:41,3:40,6:06,7:26
Sert,11-3,5:46,7:10,12:41,3:41,6:07,7:27
Sert,11-2,5:45,7:09,12:41,3:41,6:08,7:28
Sert,11-1,5:45,7:08,12:41,3:42,6:09,7:28
Sert,10-31,5:44,7:08,12:41,3:42,6:10,7:29
Sert,10-30,5:43,7:07,12:41,3:43,6:11,7:30
Sert,10-29,5:43,7:06,12:41,3:44,6:11,7:31
Sert,10-28,5:42,7:05,12:41,3:44,6:12,7:32
Sert,10-27,5:41,7:04,12:41,3:45,6:13,7:32
Sert,10-26,5:41,7:04,12:41,3:46,6:14,7:33
Sert,10-25,5:40,7:03,12:41,3:47,6:15,7:34
Sert,10-24,5:39,7:02,12:41,3:47,6:16,7:35
Sert,10-23,5:39,7:01,12:41,3:48,6:17,7:36
Sert,10-22,5:38,7:01,12:41,3:49,6:18,7:37
Sert,10-21,5:37,7:00,12:42,3:50,6:19,7:38
Sert,10-20,5:37,6:59,12:42,3:50,6:20,7:39
Sert,10-19,5:36,6:58,12:42,3:51,6:21,7:40
Sert,10-18,5:35,6:58,12:42,3:52,6:22,7:41
Sert,10-17,5:35,6:57,12:42,3:53,6:24,7:42
Sert,10-16,5:34,6:56,12:43,3:53,6:25,7:43
Sert,10-15,5:33,6:56,12:43,3:54,6:26,7:44
Sert,10-14,5:33,6:55,12:43,3:55,6:27,7:45
Sert,10-13,5:32,6:54,12:43,3:56,6:28,7:46
Sert,10-12,5:31,6:54,12:43,3:57,6:29,7:47
Sert,10-11,5:31,6:53,12:44,3:58,6:30,7:49
Sert,10-10,5:30,6:52,12:44,3:58,6:32,7:50
Sert,10-9,5:30,6:52,12:44,3:59,6:33,7:51
Sert,10-8,5:29,6:51,12:45,4:00,6:34,7:52
Sert,10-7,5:28,6:50,12:45,4:01,6:35,7:53
Sert,10-6,5:28,6:50,12:45,4:02,6:37,7:55
Sert,10-5,5:27,6:49,12:45,4:03,6:38,7:56
Sert,10-4,5:26,6:48,12:46,4:04,6:39,7:57
Sert,10-3,5:26,6:48,12:46,4:04,6:40,7:58
Sert,10-2,5:25,6:47,12:46,4:05,6:42,8:00
Sert,10-1,5:25,6:47,12:47,4:06,6:43,8:01
Sert,9-30,5:24,6:46,12:47,4:07,6:44,8:02
Sert,9-29,5:23,6:45,12:47,4:08,6:45,8:03
Sert,9-28,5:23,6:45,12:48,4:09,6:47,8:05
Sert,9-27,5:22,6:44,12:48,4:09,6:48,8:06
Sert,9-26,5:21,6:44,12:48,4:10,6:49,8:07
Sert,9-25,5:21,6:43,12:49,4:11,6:51,8:09
Sert,9-24,5:20,6:42,12:49,4:12,6:52,8:10
Sert,9-23,5:20,6:42,12:50,4:13,6:53,8:12
Sert,9-22,5:19,6:41,12:50,4:14,6:55,8:13
Sert,9-21,5:18,6:41,12:50,4:14,6:56,8:14
Sert,9-20,5:18,6:40,12:51,4:15,6:57,8:16
Sert,9-19,5:17,6:40,12:51,4:16,6:58,8:17
Sert,9-18,5:16,6:39,12:51,4:17,7:00,8:18
Sert,9-17,5:16,6:38,12:52,4:18,7:01,8:20
Sert,9-16,5:15,6:38,12:52,4:18,7:02,8:21
Sert,9-15,5:14,6:37,12:53,4:19,7:04,8:23
Sert,9-14,5:14,6:37,12:53,4:20,7:05,8:24
Sert,9-13,5:13,6:36,12:53,4:21,7:06,8:26
Sert,9-12,5:12,6:36,12:54,4:21,7:08,8:27
Sert,9-11,5:12,6:35,12:54,4:22,7:09,8:28
Sert,9-10,5:11,6:34,12:54,4:23,7:10,8:30
Sert,9-9,5:10,6:34,12:55,4:23,7:12,8:31
Sert,9-8,5:09,6:33,12:55,4:24,7:13,8:33
Sert,9-7,5:09,6:33,12:55,4:25,7:14,8:34
Sert,9-6,5:08,6:32,12:56,4:25,7:15,8:36
Sert,9-5,5:07,6:32,12:56,4:26,7:17,8:37
Sert,9-4,5:06,6:31,12:56,4:27,7:18,8:38
Sert,9-3,5:06,6:30,12:57,4:27,7:19,8:40
Sert,9-2,5:05,6:30,12:57,4:28,7:20,8:41
Sert,9-1,5:04,6:29,12:57,4:28,7:22,8:43
Sert,8-31,5:03,6:29,12:58,4:29,7:23,8:44
Sert,8-30,5:03,6:28,12:58,4:30,7:24,8:45
Sert,8-29,5:02,6:27,12:58,4:30,7:25,8:47
Sert,8-28,5:01,6:27,12:59,4:31,7:26,8:48
Sert,8-27,5:00,6:26,12:59,4:31,7:28,8:50
Sert,8-26,4:59,6:26,12:59,4:32,7:29,8:51
Sert,8-25,4:59,6:25,12:59,4:32,7:30,8:52
Sert,8-24,4:58,6:24,1:00,4:33,7:31,8:54
Sert,8-23,4:57,6:24,1:00,4:33,7:32,8:55
Sert,8-22,4:56,6:23,1:00,4:33,7:33,8:56
Sert,8-21,4:55,6:23,1:00,4:34,7:34,8:58
Sert,8-20,4:54,6:22,1:01,4:34,7:35,8:59
Sert,8-19,4:54,6:21,1:01,4:35,7:37,9:00
Sert,8-18,4:53,6:21,1:01,4:35,7:38,9:02
Sert,8-17,4:52,6:20,1:01,4:35,7:39,9:03
Sert,8-16,4:51,6:19,1:02,4:36,7:40,9:04
Sert,8-15,4:50,6:19,1:02,4:36,7:41,9:05
Sert,8-14,4:49,6:18,1:02,4:36,7:42,9:07
Sert,8-13,4:48,6:18,1:02,4:36,7:43,9:08
Sert,8-12,4:47,6:17,1:02,4:37,7:44,9:09
Sert,8-11,4:46,6:16,1:02,4:37,7:45,9:10
Sert,8-10,4:45,6:16,1:03,4:37,7:45,9:12
Sert,8-9,4:45,6:15,1:03,4:37,7:46,9:13
Sert,8-8,4:44,6:14,1:03,4:38,7:47,9:14
Sert,8-7,4:43,6:14,1:03,4:38,7:48,9:15
Sert,8-6,4:42,6:13,1:03,4:38,7:49,9:16
Sert,8-5,4:41,6:12,1:03,4:38,7:50,9:17
Sert,8-4,4:40,6:12,1:03,4:38,7:51,9:18
Sert,8-3,4:39,6:11,1:03,4:38,7:51,9:19
Sert,8-2,4:38,6:10,1:03,4:38,7:52,9:21
Sert,8-1,4:37,6:10,1:03,4:38,7:53,9:22
Sert,7-31,4:36,6:09,1:03,4:38,7:54,9:23
Sert,7-30,4:35,6:08,1:03,4:39,7:54,9:24
Sert,7-29,4:34,6:08,1:03,4:39,7:55,9:25
Sert,7-28,4:33,6:07,1:03,4:39,7:56,9:25
Sert,7-27,4:33,6:07,1:03,4:39,7:56,9:26
Sert,7-26,4:32,6:06,1:03,4:39,7:57,9:27
Sert,7-25,4:31,6:05,1:03,4:39,7:58,9:28
Sert,7-24,4:30,6:05,1:03,4:39,7:58,9:29
Sert,7-23,4:29,6:04,1:03,4:38,7:59,9:30
Sert,7-22,4:28,6:03,1:03,4:38,7:59,9:31
Sert,7-21,4:27,6:03,1:03,4:38,8:00,9:31
Sert,7-20,4:26,6:02,1:03,4:38,8:00,9:32
Sert,7-19,4:25,6:02,1:03,4:38,8:01,9:33
Sert,7-18,4:25,6:01,1:03,4:38,8:01,9:34
Sert,7-17,4:24,6:00,1:03,4:38,8:02,9:34
Sert,7-16,4:23,6:00,1:03,4:38,8:02,9:35
Sert,7-15,4:22,5:59,1:03,4:38,8:02,9:35
Sert,7-14,4:21,5:59,1:03,4:38,8:03,9:36
Sert,7-13,4:21,5:58,1:03,4:37,8:03,9:37
Sert,7-12,4:20,5:58,1:02,4:37,8:03,9:37
Sert,7-11,4:19,5:57,1:02,4:37,8:04,9:37
Sert,7-10,4:18,5:57,1:02,4:37,8:04,9:38
Sert,7-9,4:18,5:56,1:02,4:37,8:04,9:38
Sert,7-8,4:17,5:56,1:02,4:37,8:04,9:39
Sert,7-7,4:16,5:55,1:02,4:36,8:04,9:39
Sert,7-6,4:16,5:55,1:02,4:36,8:05,9:39
Sert,7-5,4:15,5:54,1:01,4:36,8:05,9:40
Sert,7-4,4:15,5:54,1:01,4:36,8:05,9:40
Sert,7-3,4:14,5:53,1:01,4:36,8:05,9:40
Sert,7-2,4:13,5:53,1:01,4:35,8:05,9:40
Sert,7-1,4:13,5:52,1:01,4:35,8:05,9:40
Sert,6-30,4:12,5:52,1:01,4:35,8:05,9:41
Sert,6-29,4:12,5:52,1:00,4:35,8:05,9:41
Sert,6-28,4:12,5:51,1:00,4:35,8:05,9:41
Sert,6-27,4:11,5:51,1:00,4:34,8:05,9:41
Sert,6-26,4:11,5:51,1:00,4:34,8:05,9:41
Sert,6-25,4:11,5:50,1:00,4:34,8:05,9:41
Sert,6-24,4:10,5:50,12:59,4:34,8:05,9:41
Sert,6-23,4:10,5:50,12:59,4:34,8:04,9:40
Sert,6-22,4:10,5:50,12:59,4:33,8:04,9:40
Sert,6-21,4:09,5:49,12:59,4:33,8:04,9:40
Sert,6-20,4:09,5:49,12:59,4:33,8:04,9:40
Sert,6-19,4:09,5:49,12:58,4:33,8:04,9:40
Sert,6-18,4:09,5:49,12:58,4:33,8:03,9:39
Sert,6-17,4:09,5:49,12:58,4:32,8:03,9:39
Sert,6-16,4:09,5:49,12:58,4:32,8:03,9:39
Sert,6-15,4:09,5:49,12:58,4:32,8:02,9:38
Sert,6-14,4:09,5:49,12:57,4:32,8:02,9:38
Sert,6-13,4:09,5:49,12:57,4:32,8:02,9:37
Sert,6-12,4:09,5:48,12:57,4:31,8:01,9:37
Sert,6-11,4:09,5:49,12:57,4:31,8:01,9:36
Sert,6-10,4:09,5:49,12:57,4:31,8:01,9:36
Sert,6-9,4:09,5:49,12:56,4:31,8:00,9:35
Sert,6-8,4:10,5:49,12:56,4:31,8:00,9:35
Sert,6-7,4:10,5:49,12:56,4:31,7:59,9:34
Sert,6-6,4:10,5:49,12:56,4:30,7:59,9:34
Sert,6-5,4:10,5:49,12:56,4:30,7:58,9:33
Sert,6-4,4:11,5:49,12:55,4:30,7:58,9:32
Sert,6-3,4:11,5:49,12:55,4:30,7:57,9:31
Sert,6-2,4:12,5:50,12:55,4:30,7:57,9:31
Sert,6-1,4:12,5:50,12:55,4:30,7:56,9:30
Sert,5-31,4:12,5:50,12:55,4:30,7:56,9:29
Sert,5-30,4:13,5:50,12:55,4:30,7:55,9:28
Sert,5-29,4:13,5:51,12:55,4:29,7:54,9:28
Sert,5-28,4:14,5:51,12:54,4:29,7:54,9:27
Sert,5-27,4:15,5:51,12:54,4:29,7:53,9:26
Sert,5-26,4:15,5:52,12:54,4:29,7:53,9:25
Sert,5-25,4:16,5:52,12:54,4:29,7:52,9:24
Sert,5-24,4:17,5:53,12:54,4:29,7:51,9:23
Sert,5-23,4:17,5:53,12:54,4:29,7:51,9:23
Sert,5-22,4:18,5:54,12:54,4:29,7:50,9:22
Sert,5-21,4:19,5:54,12:54,4:29,7:50,9:21
Sert,5-20,4:20,5:55,12:54,4:29,7:49,9:20
Sert,5-19,4:20,5:55,12:54,4:29,7:48,9:19
Sert,5-18,4:21,5:56,12:54,4:29,7:48,9:18
Sert,5-17,4:22,5:56,12:54,4:29,7:47,9:17
Sert,5-16,4:23,5:57,12:54,4:29,7:46,9:16
Sert,5-15,4:24,5:57,12:53,4:29,7:46,9:15
Sert,5-14,4:25,5:58,12:53,4:29,7:45,9:14
Sert,5-13,4:26,5:59,12:53,4:29,7:44,9:13
Sert,5-12,4:27,5:59,12:53,4:29,7:43,9:12
Sert,5-11,4:28,6:00,12:53,4:29,7:43,9:11
Sert,5-10,4:29,6:01,12:53,4:29,7:42,9:10
Sert,5-9,4:30,6:02,12:54,4:29,7:41,9:09
Sert,5-8,4:31,6:02,12:54,4:29,7:41,9:08
Sert,5-7,4:32,6:03,12:54,4:29,7:40,9:07
Sert,5-6,4:33,6:04,12:54,4:29,7:39,9:06
Sert,5-5,4:34,6:05,12:54,4:29,7:39,9:05
Sert,5-4,4:35,6:06,12:54,4:29,7:38,9:04
Sert,5-3,4:36,6:07,12:54,4:29,7:37,9:03
Sert,5-2,4:37,6:07,12:54,4:29,7:37,9:03
Sert,5-1,4:39,6:08,12:54,4:29,7:36,9:02
Sert,4-30,4:40,6:09,12:54,4:29,7:35,9:01
Sert,4-29,4:41,6:10,12:54,4:29,7:34,9:00
Sert,4-28,4:42,6:11,12:54,4:29,7:34,8:59
Sert,4-27,4:44,6:12,12:55,4:29,7:33,8:58
Sert,4-26,4:45,6:13,12:55,4:29,7:32,8:57
Sert,4-25,4:46,6:14,12:55,4:29,7:32,8:56
Sert,4-24,4:47,6:15,12:55,4:29,7:31,8:55
Sert,4-23,4:49,6:16,12:55,4:29,7:30,8:54
Sert,4-22,4:50,6:17,12:55,4:29,7:30,8:53
Sert,4-21,4:51,6:18,12:56,4:29,7:29,8:52
Sert,4-20,4:52,6:19,12:56,4:29,7:28,8:51
Sert,4-19,4:54,6:21,12:56,4:29,7:28,8:50
Sert,4-18,4:55,6:22,12:56,4:29,7:27,8:49
Sert,4-17,4:56,6:23,12:57,4:29,7:26,8:49
Sert,4-16,4:58,6:24,12:57,4:29,7:26,8:48
Sert,4-15,4:59,6:25,12:57,4:29,7:25,8:47
Sert,4-14,5:01,6:26,12:57,4:29,7:24,8:46
Sert,4-13,5:02,6:27,12:58,4:29,7:24,8:45
Sert,4-12,5:03,6:29,12:58,4:29,7:23,8:44
Sert,4-11,5:05,6:30,12:58,4:29,7:22,8:43
Sert,4-10,5:06,6:31,12:58,4:29,7:22,8:43
Sert,4-9,5:07,6:32,12:59,4:29,7:21,8:42
Sert,4-8,5:09,6:33,12:59,4:29,7:20,8:41
Sert,4-7,5:10,6:35,12:59,4:29,7:20,8:40
Sert,4-6,5:12,6:36,12:59,4:29,7:19,8:39
Sert,4-5,5:13,6:37,1:00,4:29,7:19,8:39
Sert,4-4,5:14,6:38,1:00,4:29,7:18,8:38
Sert,4-3,5:16,6:39,1:00,4:29,7:17,8:37
Sert,4-2,5:17,6:41,1:01,4:29,7:17,8:36
Sert,4-1,5:19,6:42,1:01,4:29,7:16,8:35
Sert,3-31,5:20,6:43,1:01,4:29,7:15,8:35
Sert,3-30,5:21,6:45,1:02,4:29,7:15,8:34
Sert,3-29,5:23,6:46,1:02,4:29,7:14,8:33
Sert,3-28,5:24,6:47,1:02,4:29,7:13,8:32
Sert,3-27,5:25,6:48,1:03,4:29,7:13,8:32
Sert,3-26,5:27,6:50,1:03,4:29,7:12,8:31
Sert,3-25,5:28,6:51,1:03,4:29,7:12,8:30
Sert,3-24,5:30,6:52,1:04,4:28,7:11,8:30
Sert,3-23,5:31,6:53,1:04,4:28,7:10,8:29
Sert,3-22,5:32,6:55,1:04,4:28,7:10,8:28
Sert,3-21,5:34,6:56,1:04,4:28,7:09,8:27
Sert,3-20,5:35,6:57,1:05,4:28,7:08,8:27
Sert,3-19,5:36,6:59,1:05,4:28,7:08,8:26
Sert,3-18,5:38,7:00,1:05,4:28,7:07,8:25
Sert,3-17,5:39,7:01,1:06,4:27,7:06,8:25
Sert,3-16,5:40,7:02,1:06,4:27,7:06,8:24
Sert,3-15,5:42,7:04,1:06,4:27,7:05,8:23
Sert,3-14,5:43,7:05,1:07,4:27,7:04,8:23
Sert,3-13,5:44,7:06,1:07,4:27,7:04,8:22
Sert,3-12,5:45,7:07,1:07,4:26,7:03,8:21
Sert,3-11,5:47,7:09,1:08,4:26,7:02,8:20
Sert,3-10,5:48,7:10,1:08,4:26,7:02,8:20
Sert,3-9,5:49,7:11,1:08,4:26,7:01,8:19
Sert,3-8,5:50,7:12,1:08,4:25,7:00,8:18
Sert,3-7,5:51,7:13,1:09,4:25,7:00,8:18
Sert,3-6,5:53,7:15,1:09,4:25,6:59,8:17
Sert,3-5,5:54,7:16,1:09,4:24,6:58,8:16
Sert,3-4,5:55,7:17,1:09,4:24,6:58,8:16
Sert,3-3,5:56,7:18,1:10,4:24,6:57,8:15
Sert,3-2,5:57,7:19,1:10,4:23,6:56,8:14
Sert,3-1,5:58,7:20,1:10,4:23,6:55,8:14
Sert,2-29,5:59,7:22,1:10,4:23,6:55,8:13
Sert,2-28,5:59,7:22,1:10,4:23,6:55,8:13
Sert,2-27,6:00,7:23,1:10,4:22,6:54,8:12
Sert,2-26,6:02,7:24,1:10,4:22,6:53,8:11
Sert,2-25,6:03,7:25,1:11,4:21,6:52,8:11
Sert,2-24,6:04,7:26,1:11,4:21,6:52,8:10
Sert,2-23,6:05,7:27,1:11,4:20,6:51,8:09
Sert,2-22,6:06,7:28,1:11,4:20,6:50,8:09
Sert,2-21,6:06,7:29,1:11,4:19,6:49,8:08
Sert,2-20,6:07,7:30,1:11,4:19,6:49,8:07
Sert,2-19,6:08,7:31,1:11,4:18,6:48,8:06
Sert,2-18,6:09,7:32,1:11,4:18,6:47,8:06
Sert,2-17,6:10,7:33,1:12,4:17,6:46,8:05
Sert,2-16,6:11,7:34,1:12,4:17,6:45,8:04
Sert,2-15,6:12,7:35,1:12,4:16,6:44,8:04
Sert,2-14,6:13,7:36,1:12,4:16,6:44,8:03
Sert,2-13,6:13,7:37,1:12,4:15,6:43,8:02
Sert,2-12,6:14,7:38,1:12,4:14,6:42,8:01
Sert,2-11,6:15,7:38,1:12,4:14,6:41,8:01
Sert,2-10,6:16,7:39,1:12,4:13,6:40,8:00
Sert,2-9,6:16,7:40,1:12,4:12,6:39,7:59
Sert,2-8,6:17,7:41,1:12,4:12,6:38,7:58
Sert,2-7,6:18,7:42,1:12,4:11,6:38,7:58
Sert,2-6,6:18,7:42,1:11,4:10,6:37,7:57
Sert,2-5,6:19,7:43,1:11,4:10,6:36,7:56
Sert,2-4,6:19,7:44,1:11,4:09,6:35,7:55
Sert,2-3,6:20,7:44,1:11,4:08,6:34,7:55
Sert,2-2,6:20,7:45,1:11,4:08,6:33,7:54
Sert,2-1,6:21,7:46,1:11,4:07,6:32,7:53
Sert,1-31,6:21,7:46,1:11,4:06,6:31,7:52
Sert,1-30,6:22,7:47,1:11,4:05,6:30,7:51
Sert,1-29,6:22,7:47,1:10,4:05,6:29,7:51
Sert,1-28,6:23,7:48,1:10,4:04,6:29,7:50
Sert,1-27,6:23,7:48,1:10,4:03,6:28,7:49
Sert,1-26,6:23,7:49,1:10,4:02,6:27,7:48
Sert,1-25,6:24,7:49,1:10,4:01,6:26,7:47
Sert,1-24,6:24,7:50,1:09,4:01,6:25,7:47
Sert,1-23,6:24,7:50,1:09,4:00,6:24,7:46
Sert,1-22,6:24,7:50,1:09,3:59,6:23,7:45
Sert,1-21,6:25,7:51,1:08,3:58,6:22,7:44
Sert,1-20,6:25,7:51,1:08,3:57,6:21,7:44
Sert,1-19,6:25,7:51,1:08,3:57,6:20,7:43
Sert,1-18,6:25,7:52,1:08,3:56,6:19,7:42
Sert,1-17,6:25,7:52,1:07,3:55,6:19,7:41
Sert,1-16,6:25,7:52,1:07,3:54,6:18,7:40
Sert,1-15,6:25,7:52,1:07,3:53,6:17,7:40
Sert,1-14,6:25,7:52,1:06,3:53,6:16,7:39
Sert,1-13,6:25,7:53,1:06,3:52,6:15,7:38
Sert,1-12,6:25,7:53,1:05,3:51,6:14,7:37
Sert,1-11,6:25,7:53,1:05,3:50,6:13,7:37
Sert,1-10,6:25,7:53,1:05,3:50,6:12,7:36
Sert,1-9,6:25,7:53,1:04,3:49,6:12,7:35
Sert,1-8,6:25,7:53,1:04,3:48,6:11,7:35
Sert,1-7,6:25,7:53,1:03,3:47,6:10,7:34
Sert,1-6,6:25,7:53,1:03,3:47,6:09,7:33
Sert,1-5,6:25,7:53,1:02,3:46,6:08,7:32
Sert,1-4,6:24,7:52,1:02,3:45,6:08,7:32
Sert,1-3,6:24,7:52,1:02,3:44,6:07,7:31
Sert,1-2,6:24,7:52,1:01,3:44,6:06,7:30
Sert,1-1,6:24,7:52,1:01,3:43,6:06,7:30
Tripoli,12-31,6:39,8:09,1:13,3:52,6:14,7:40
Tripoli,12-30,6:38,8:09,1:13,3:51,6:13,7:39
Tripoli,12-29,6:38,8:08,1:12,3:50,6:12,7:39
Tripoli,12-28,6:38,8:08,1:12,3:50,6:12,7:38
Tripoli,12-27,6:37,8:08,1:11,3:49,6:11,7:37
Tripoli,12-26,6:37,8:07,1:11,3:49,6:11,7:37
Tripoli,12-25,6:37,8:07,1:10,3:48,6:10,7:36
Tripoli,12-24,6:36,8:07,1:10,3:47,6:09,7:36
Tripoli,12-23,6:36,8:06,1:10,3:47,6:09,7:35
Tripoli,12-22,6:35,8:06,1:09,3:46,6:08,7:35
Tripoli,12-21,6:35,8:05,1:09,3:46,6:08,7:34
Tripoli,12-20,6:34,8:05,1:08,3:45,6:07,7:34
Tripoli,12-19,6:34,8:04,1:08,3:45,6:07,7:33
Tripoli,12-18,6:33,8:04,1:07,3:45,6:07,7:33
Tripoli,12-17,6:33,8:03,1:07,3:44,6:06,7:33
Tripoli,12-16,6:32,8:02,1:06,3:44,6:06,7:32
Tripoli,12-15,6:32,8:02,1:06,3:43,6:06,7:32
Tripoli,12-14,6:31,8:01,1:05,3:43,6:05,7:31
Tripoli,12-13,6:30,8:00,1:05,3:43,6:05,7:31
Tripoli,12-12,6:30,8:00,1:04,3:43,6:05,7:31
Tripoli,12-11,6:29,7:59,1:04,3:42,6:05,7:31
Tripoli,12-10,6:28,7:58,1:03,3:42,6:04,7:30
Tripoli,12-9,6:28,7:58,1:03,3:42,6:04,7:30
Tripoli,12-8,6:27,7:57,1:02,3:42,6:04,7:30
Tripoli,12-7,6:26,7:56,1:02,3:42,6:04,7:30
Tripoli,12-6,6:26,7:55,1:02,3:41,6:04,7:30
Tripoli,12-5,6:25,7:55,1:01,3:41,6:04,7:29
Tripoli,12-4,6:24,7:54,1:01,3:41,6:04,7:29
Tripoli,12-3,6:24,7:53,1:00,3:41,6:04,7:29
Tripoli,12-2,6:23,7:52,1:00,3:41,6:04,7:29
Tripoli,12-1,6:22,7:51,1:00,3:41,6:04,7:29
Tripoli,11-30,6:21,7:50,12:59,3:41,6:04,7:29
Tripoli,11-29,6:21,7:50,12:59,3:41,6:04,7:29
Tripoli,11-28,6:20,7:49,12:59,3:41,6:04,7:29
Tripoli,11-27,6:19,7:48,12:58,3:42,6:05,7:29
Tripoli,11-26,6:18,7:47,12:58,3:42,6:05,7:30
Tripoli,11-25,6:18,7:46,12:58,3:42,6:05,7:30
Tripoli,11-24,6:17,7:45,12:57,3:42,6:05,7:30
Tripoli,11-23,6:16,7:44,12:57,3:42,6:06,7:30
Tripoli,11-22,6:15,7:43,12:57,3:43,6:06,7:30
Tripoli,11-21,6:14,7:42,12:56,3:43,6:07,7:30
Tripoli,11-20,6:14,7:41,12:56,3:43,6:07,7:31
Tripoli,11-19,6:13,7:40,12:56,3:43,6:07,7:31
Tripoli,11-18,6:12,7:40,12:56,3:44,6:08,7:31
Tripoli,11-17,6:11,7:39,12:55,3:44,6:08,7:32
Tripoli,11-16,6:10,7:38,12:55,3:44,6:09,7:32
Tripoli,11-15,6:10,7:37,12:55,3:45,6:09,7:32
Tripoli,11-14,6:09,7:36,12:55,3:45,6:10,7:33
Tripoli,11-13,6:08,7:35,12:55,3:46,6:11,7:33
Tripoli,11-12,6:07,7:34,12:55,3:46,6:11,7:34
Tripoli,11-11,6:07,7:33,12:54,3:47,6:12,7:34
Tripoli,11-10,6:06,7:32,12:54,3:47,6:13,7:35
Tripoli,11-9,6:05,7:31,12:54,3:48,6:13,7:35
Tripoli,11-8,6:04,7:30,12:54,3:48,6:14,7:36
Tripoli,11-7,6:03,7:29,12:54,3:49,6:15,7:37
Tripoli,11-6,6:03,7:29,12:54,3:49,6:15,7:37
Tripoli,11-5,6:02,7:28,12:54,3:50,6:16,7:38
Tripoli,11-4,6:01,7:27,12:54,3:51,6:17,7:39
Tripoli,11-3,6:00,7:26,12:54,3:51,6:18,7:39
Tripoli,11-2,6:00,7:25,12:54,3:52,6:19,7:40
Tripoli,11-1,5:59,7:24,12:54,3:53,6:20,7:41
Tripoli,10-31,5:58,7:23,12:54,3:53,6:21,7:42
Tripoli,10-30,5:57,7:22,12:54,3:54,6:22,7:43
Tripoli,10-29,5:57,7:22,12:54,3:55,6:22,7:43
Tripoli,10-28,5:56,7:21,12:54,3:56,6:23,7:44
Tripoli,10-27,5:55,7:20,12:54,3:56,6:24,7:45
Tripoli,10-26,5:54,7:19,12:54,3:57,6:25,7:46
Tripoli,10-25,5:54,7:18,12:54,3:58,6:26,7:47
Tripoli,10-24,5:53,7:17,12:54,3:59,6:28,7:48
Tripoli,10-23,5:52,7:17,12:55,3:59,6:29,7:49
Tripoli,10-22,5:51,7:16,12:55,4:00,6:30,7:50
Tripoli,10-21,5:51,7:15,12:55,4:01,6:31,7:51
Tripoli,10-20,5:50,7:14,12:55,4:02,6:32,7:52
Tripoli,10-19,5:49,7:13,12:55,4:03,6:33,7:53
Tripoli,10-18,5:49,7:13,12:55,4:04,6:34,7:54
Tripoli,10-17,5:48,7:12,12:56,4:04,6:35,7:55
Tripoli,10-16,5:47,7:11,12:56,4:05,6:37,7:56
Tripoli,10-15,5:46,7:10,12:56,4:06,6:38,7:58
Tripoli,10-14,5:46,7:09,12:56,4:07,6:39,7:59
Tripoli,10-13,5:45,7:09,12:56,4:08,6:40,8:00
Tripoli,10-12,5:44,7:08,12:57,4:09,6:41,8:01
Tripoli,10-11,5:44,7:07,12:57,4:10,6:43,8:02
Tripoli,10-10,5:43,7:07,12:57,4:11,6:44,8:03
Tripoli,10-9,5:42,7:06,12:58,4:12,6:45,8:05
Tripoli,10-8,5:42,7:05,12:58,4:12,6:46,8:06
Tripoli,10-7,5:41,7:04,12:58,4:13,6:48,8:07
Tripoli,10-6,5:40,7:04,12:58,4:14,6:49,8:09
Tripoli,10-5,5:40,7:03,12:59,4:15,6:50,8:10
Tripoli,10-4,5:39,7:02,12:59,4:16,6:52,8:11
Tripoli,10-3,5:38,7:02,12:59,4:17,6:53,8:13
Tripoli,10-2,5:37,7:01,1:00,4:18,6:54,8:14
Tripoli,10-1,5:37,7:00,1:00,4:19,6:56,8:15
Tripoli,9-30,5:36,7:00,1:00,4:20,6:57,8:17
Tripoli,9-29,5:35,6:59,1:01,4:21,6:58,8:18
Tripoli,9-28,5:35,6:58,1:01,4:22,7:00,8:19
Tripoli,9-27,5:34,6:58,1:01,4:22,7:01,8:21
Tripoli,9-26,5:33,6:57,1:02,4:23,7:02,8:22
Tripoli,9-25,5:33,6:56,1:02,4:24,7:04,8:24
Tripoli,9-24,5:32,6:56,1:02,4:25,7:05,8:25
Tripoli,9-23,5:31,6:55,1:03,4:26,7:07,8:26
Tripoli,9-22,5:30,6:54,1:03,4:27,7:08,8:28
Tripoli,9-21,5:30,6:54,1:04,4:28,7:09,8:29
Tripoli,9-20,5:29,6:53,1:04,4:29,7:11,8:31
Tripoli,9-19,5:28,6:53,1:04,4:29,7:12,8:32
Tripoli,9-18,5:28,6:52,1:05,4:30,7:13,8:34
Tripoli,9-17,5:27,6:51,1:05,4:31,7:15,8:35
Tripoli,9-16,5:26,6:51,1:05,4:32,7:16,8:37
Tripoli,9-15,5:25,6:50,1:06,4:33,7:18,8:38
Tripoli,9-14,5:25,6:49,1:06,4:34,7:19,8:40
Tripoli,9-13,5:24,6:49,1:07,4:34,7:20,8:41
Tripoli,9-12,5:23,6:48,1:07,4:35,7:22,8:43
Tripoli,9-11,5:22,6:47,1:07,4:36,7:23,8:44
Tripoli,9-10,5:21,6:47,1:08,4:37,7:24,8:46
Tripoli,9-9,5:21,6:46,1:08,4:37,7:26,8:47
Tripoli,9-8,5:20,6:46,1:08,4:38,7:27,8:49
Tripoli,9-7,5:19,6:45,1:09,4:39,7:28,8:50
Tripoli,9-6,5:18,6:44,1:09,4:40,7:30,8:52
Tripoli,9-5,5:17,6:44,1:09,4:40,7:31,8:53
Tripoli,9-4,5:17,6:43,1:10,4:41,7:32,8:55
Tripoli,9-3,5:16,6:42,1:10,4:42,7:34,8:56
Tripoli,9-2,5:15,6:42,1:10,4:42,7:35,8:58
Tripoli,9-1,5:14,6:41,1:11,4:43,7:36,8:59
Tripoli,8-31,5:13,6:40,1:11,4:44,7:38,9:01
Tripoli,8-30,5:12,6:40,1:11,4:44,7:39,9:02
Tripoli,8-29,5:12,6:39,1:12,4:45,7:40,9:04
Tripoli,8-28,5:11,6:38,1:12,4:45,7:41,9:05
Tripoli,8-27,5:10,6:38,1:12,4:46,7:43,9:07
Tripoli,8-26,5:09,6:37,1:12,4:47,7:44,9:08
Tripoli,8-25,5:08,6:36,1:13,4:47,7:45,9:09
Tripoli,8-24,5:07,6:36,1:13,4:48,7:46,9:11
Tripoli,8-23,5:06,6:35,1:13,4:48,7:47,9:12
Tripoli,8-22,5:05,6:34,1:14,4:49,7:49,9:14
Tripoli,8-21,5:04,6:34,1:14,4:49,7:50,9:15
Tripoli,8-20,5:03,6:33,1:14,4:49,7:51,9:17
Tripoli,8-19,5:02,6:32,1:14,4:50,7:52,9:18
Tripoli,8-18,5:01,6:32,1:14,4:50,7:53,9:19
Tripoli,8-17,5:01,6:31,1:15,4:51,7:54,9:21
Tripoli,8-16,5:00,6:30,1:15,4:51,7:55,9:22
Tripoli,8-15,4:59,6:30,1:15,4:51,7:56,9:23
Tripoli,8-14,4:58,6:29,1:15,4:52,7:57,9:25
Tripoli,8-13,4:57,6:28,1:15,4:52,7:58,9:26
Tripoli,8-12,4:56,6:28,1:16,4:52,8:00,9:27
Tripoli,8-11,4:55,6:27,1:16,4:53,8:01,9:29
Tripoli,8-10,4:54,6:26,1:16,4:53,8:01,9:30
Tripoli,8-9,4:53,6:25,1:16,4:53,8:02,9:31
Tripoli,8-8,4:52,6:25,1:16,4:54,8:03,9:32
Tripoli,8-7,4:51,6:24,1:16,4:54,8:04,9:34
Tripoli,8-6,4:50,6:23,1:16,4:54,8:05,9:35
Tripoli,8-5,4:49,6:23,1:16,4:54,8:06,9:36
Tripoli,8-4,4:48,6:22,1:16,4:54,8:07,9:37
Tripoli,8-3,4:47,6:21,1:17,4:54,8:08,9:38
Tripoli,8-2,4:46,6:20,1:17,4:55,8:09,9:40
Tripoli,8-1,4:45,6:20,1:17,4:55,8:09,9:41
Tripoli,7-31,4:44,6:19,1:17,4:55,8:10,9:42
Tripoli,7-30,4:43,6:18,1:17,4:55,8:11,9:43
Tripoli,7-29,4:42,6:18,1:17,4:55,8:12,9:44
Tripoli,7-28,4:41,6:17,1:17,4:55,8:12,9:45
Tripoli,7-27,4:40,6:16,1:17,4:55,8:13,9:46
Tripoli,7-26,4:39,6:16,1:17,4:55,8:14,9:47
Tripoli,7-25,4:38,6:15,1:17,4:55,8:14,9:48
Tripoli,7-24,4:37,6:14,1:17,4:55,8:15,9:49
Tripoli,7-23,4:36,6:14,1:17,4:55,8:16,9:50
Tripoli,7-22,4:35,6:13,1:17,4:55,8:16,9:50
Tripoli,7-21,4:34,6:12,1:17,4:55,8:17,9:51
Tripoli,7-20,4:33,6:12,1:16,4:55,8:17,9:52
Tripoli,7-19,4:32,6:11,1:16,4:55,8:18,9:53
Tripoli,7-18,4:31,6:10,1:16,4:55,8:18,9:54
Tripoli,7-17,4:30,6:10,1:16,4:55,8:19,9:54
Tripoli,7-16,4:29,6:09,1:16,4:55,8:19,9:55
Tripoli,7-15,4:28,6:09,1:16,4:55,8:20,9:56
Tripoli,7-14,4:28,6:08,1:16,4:55,8:20,9:56
Tripoli,7-13,4:27,6:07,1:16,4:55,8:20,9:57
Tripoli,7-12,4:26,6:07,1:16,4:54,8:21,9:57
Tripoli,7-11,4:25,6:06,1:16,4:54,8:21,9:58
Tripoli,7-10,4:24,6:06,1:15,4:54,8:21,9:58
Tripoli,7-9,4:24,6:05,1:15,4:54,8:21,9:59
Tripoli,7-8,4:23,6:05,1:15,4:54,8:22,9:59
Tripoli,7-7,4:22,6:04,1:15,4:54,8:22,10:00
Tripoli,7-6,4:22,6:04,1:15,4:53,8:22,10:00
Tripoli,7-5,4:21,6:03,1:15,4:53,8:22,10:00
Tripoli,7-4,4:20,6:03,1:15,4:53,8:22,10:01
Tripoli,7-3,4:20,6:02,1:14,4:53,8:22,10:01
Tripoli,7-2,4:19,6:02,1:14,4:53,8:23,10:01
Tripoli,7-1,4:19,6:01,1:14,4:53,8:23,10:01
Tripoli,6-30,4:18,6:01,1:14,4:52,8:23,10:01
Tripoli,6-29,4:18,6:01,1:14,4:52,8:23,10:02
Tripoli,6-28,4:17,6:00,1:13,4:52,8:23,10:02
Tripoli,6-27,4:17,6:00,1:13,4:52,8:22,10:02
Tripoli,6-26,4:16,6:00,1:13,4:52,8:22,10:02
Tripoli,6-25,4:16,5:59,1:13,4:51,8:22,10:02
Tripoli,6-24,4:16,5:59,1:13,4:51,8:22,10:02
Tripoli,6-23,4:15,5:59,1:12,4:51,8:22,10:01
Tripoli,6-22,4:15,5:59,1:12,4:51,8:22,10:01
Tripoli,6-21,4:15,5:58,1:12,4:51,8:22,10:01
Tripoli,6-20,4:15,5:58,1:12,4:50,8:21,10:01
Tripoli,6-19,4:15,5:58,1:12,4:50,8:21,10:01
Tripoli,6-18,4:15,5:58,1:11,4:50,8:21,10:00
Tripoli,6-17,4:14,5:58,1:11,4:50,8:21,10:00
Tripoli,6-16,4:14,5:58,1:11,4:50,8:20,10:00
Tripoli,6-15,4:14,5:58,1:11,4:49,8:20,9:59
Tripoli,6-14,4:14,5:57,1:11,4:49,8:20,9:59
Tripoli,6-13,4:15,5:57,1:10,4:49,8:19,9:58
Tripoli,6-12,4:15,5:57,1:10,4:49,8:19,9:58
Tripoli,6-11,4:15,5:57,1:10,4:49,8:19,9:57
Tripoli,6-10,4:15,5:58,1:10,4:48,8:18,9:57
Tripoli,6-9,4:15,5:58,1:10,4:48,8:18,9:56
Tripoli,6-8,4:15,5:58,1:09,4:48,8:17,9:56
Tripoli,6-7,4:16,5:58,1:09,4:48,8:17,9:55
Tripoli,6-6,4:16,5:58,1:09,4:48,8:16,9:54
Tripoli,6-5,4:16,5:58,1:09,4:48,8:16,9:53
Tripoli,6-4,4:17,5:58,1:09,4:47,8:15,9:53
Tripoli,6-3,4:17,5:59,1:09,4:47,8:15,9:52
Tripoli,6-2,4:18,5:59,1:08,4:47,8:14,9:51
Tripoli,6-1,4:18,5:59,1:08,4:47,8:14,9:50
Tripoli,5-31,4:19,5:59,1:08,4:47,8:13,9:50
Tripoli,5-30,4:19,6:00,1:08,4:47,8:12,9:49
Tripoli,5-29,4:20,6:00,1:08,4:47,8:12,9:48
Tripoli,5-28,4:20,6:00,1:08,4:46,8:11,9:47
Tripoli,5-27,4:21,6:01,1:08,4:46,8:10,9:46
Tripoli,5-26,4:22,6:01,1:07,4:46,8:10,9:45
Tripoli,5-25,4:22,6:02,1:07,4:46,8:09,9:44
Tripoli,5-24,4:23,6:02,1:07,4:46,8:09,9:43
Tripoli,5-23,4:24,6:03,1:07,4:46,8:08,9:42
Tripoli,5-22,4:25,6:03,1:07,4:46,8:07,9:42
Tripoli,5-21,4:26,6:04,1:07,4:46,8:06,9:41
Tripoli,5-20,4:26,6:04,1:07,4:45,8:06,9:40
Tripoli,5-19,4:27,6:05,1:07,4:45,8:05,9:39
Tripoli,5-18,4:28,6:05,1:07,4:45,8:04,9:38
Tripoli,5-17,4:29,6:06,1:07,4:45,8:04,9:37
Tripoli,5-16,4:30,6:07,1:07,4:45,8:03,9:36
Tripoli,5-15,4:31,6:07,1:07,4:45,8:02,9:34
Tripoli,5-14,4:32,6:08,1:07,4:45,8:01,9:33
Tripoli,5-13,4:33,6:09,1:07,4:45,8:01,9:32
Tripoli,5-12,4:34,6:09,1:07,4:45,8:00,9:31
Tripoli,5-11,4:35,6:10,1:07,4:45,7:59,9:30
Tripoli,5-10,4:36,6:11,1:07,4:45,7:59,9:29
Tripoli,5-9,4:37,6:12,1:07,4:45,7:58,9:28
Tripoli,5-8,4:39,6:13,1:07,4:45,7:57,9:27
Tripoli,5-7,4:40,6:13,1:07,4:45,7:56,9:26
Tripoli,5-6,4:41,6:14,1:07,4:45,7:56,9:25
Tripoli,5-5,4:42,6:15,1:07,4:45,7:55,9:24
Tripoli,5-4,4:43,6:16,1:07,4:44,7:54,9:23
Tripoli,5-3,4:44,6:17,1:07,4:44,7:53,9:22
Tripoli,5-2,4:46,6:18,1:07,4:44,7:53,9:21
Tripoli,5-1,4:47,6:19,1:07,4:44,7:52,9:20
Tripoli,4-30,4:48,6:20,1:07,4:44,7:51,9:19
Tripoli,4-29,4:50,6:21,1:08,4:44,7:50,9:18
Tripoli,4-28,4:51,6:22,1:08,4:44,7:50,9:17
Tripoli,4-27,4:52,6:23,1:08,4:44,7:49,9:16
Tripoli,4-26,4:53,6:24,1:08,4:44,7:48,9:15
Tripoli,4-25,4:55,6:25,1:08,4:44,7:47,9:14
Tripoli,4-24,4:56,6:26,1:08,4:44,7:47,9:13
Tripoli,4-23,4:58,6:27,1:09,4:44,7:46,9:12
Tripoli,4-22,4:59,6:28,1:09,4:44,7:45,9:11
Tripoli,4-21,5:00,6:30,1:09,4:44,7:44,9:10
Tripoli,4-20,5:02,6:31,1:09,4:44,7:44,9:09
Tripoli,4-19,5:03,6:32,1:09,4:44,7:43,9:08
Tripoli,4-18,5:04,6:33,1:10,4:44,7:42,9:07
Tripoli,4-17,5:06,6:34,1:10,4:44,7:41,9:06
Tripoli,4-16,5:07,6:35,1:10,4:44,7:41,9:05
Tripoli,4-15,5:09,6:37,1:10,4:44,7:40,9:04
Tripoli,4-14,5:10,6:38,1:11,4:44,7:39,9:03
Tripoli,4-13,5:12,6:39,1:11,4:44,7:39,9:02
Tripoli,4-12,5:13,6:40,1:11,4:44,7:38,9:01
Tripoli,4-11,5:15,6:42,1:11,4:44,7:37,9:00
Tripoli,4-10,5:16,6:43,1:12,4:44,7:36,8:59
Tripoli,4-9,5:17,6:44,1:12,4:44,7:36,8:58
Tripoli,4-8,5:19,6:45,1:12,4:44,7:35,8:57
Tripoli,4-7,5:20,6:47,1:12,4:43,7:34,8:56
Tripoli,4-6,5:22,6:48,1:13,4:43,7:34,8:56
Tripoli,4-5,5:23,6:49,1:13,4:43,7:33,8:55
Tripoli,4-4,5:25,6:50,1:13,4:43,7:32,8:54
Tripoli,4-3,5:26,6:52,1:14,4:43,7:31,8:53
Tripoli,4-2,5:28,6:53,1:14,4:43,7:31,8:52
Tripoli,4-1,5:29,6:54,1:14,4:43,7:30,8:51
Tripoli,3-31,5:31,6:56,1:15,4:43,7:29,8:50
Tripoli,3-30,5:32,6:57,1:15,4:43,7:29,8:50
Tripoli,3-29,5:34,6:58,1:15,4:43,7:28,8:49
Tripoli,3-28,5:35,7:00,1:16,4:43,7:27,8:48
Tripoli,3-27,5:37,7:01,1:16,4:42,7:27,8:47
Tripoli,3-26,5:38,7:02,1:16,4:42,7:26,8:46
Tripoli,3-25,5:39,7:04,1:16,4:42,7:25,8:46
Tripoli,3-24,5:41,7:05,1:17,4:42,7:25,8:45
Tripoli,3-23,5:42,7:06,1:17,4:42,7:24,8:44
Tripoli,3-22,5:44,7:08,1:17,4:42,7:23,8:43
Tripoli,3-21,5:45,7:09,1:18,4:41,7:22,8:42
Tripoli,3-20,5:47,7:10,1:18,4:41,7:22,8:42
Tripoli,3-19,5:48,7:12,1:18,4:41,7:21,8:41
Tripoli,3-18,5:49,7:13,1:19,4:41,7:20,8:40
Tripoli,3-17,5:51,7:14,1:19,4:40,7:20,8:39
Tripoli,3-16,5:52,7:16,1:19,4:40,7:19,8:39
Tripoli,3-15,5:53,7:17,1:20,4:40,7:18,8:38
Tripoli,3-14,5:55,7:18,1:20,4:40,7:17,8:37
Tripoli,3-13,5:56,7:20,1:20,4:39,7:17,8:36
Tripoli,3-12,5:57,7:21,1:20,4:39,7:16,8:35
Tripoli,3-11,5:59,7:22,1:21,4:39,7:15,8:35
Tripoli,3-10,6:00,7:24,1:21,4:39,7:14,8:34
Tripoli,3-9,6:01,7:25,1:21,4:38,7:14,8:33
Tripoli,3-8,6:03,7:26,1:22,4:38,7:13,8:32
Tripoli,3-7,6:04,7:27,1:22,4:37,7:12,8:32
Tripoli,3-6,6:05,7:29,1:22,4:37,7:11,8:31
Tripoli,3-5,6:06,7:30,1:22,4:37,7:11,8:30
Tripoli,3-4,6:08,7:31,1:23,4:36,7:10,8:29
Tripoli,3-3,6:09,7:32,1:23,4:36,7:09,8:29
Tripoli,3-2,6:10,7:34,1:23,4:35,7:08,8:28
Tripoli,3-1,6:11,7:35,1:23,4:35,7:08,8:27
Tripoli,2-29,6:12,7:36,1:23,4:35,7:07,8:26
Tripoli,2-28,6:12,7:36,1:23,4:35,7:07,8:26
Tripoli,2-27,6:14,7:37,1:24,4:34,7:06,8:26
Tripoli,2-26,6:15,7:38,1:24,4:34,7:05,8:25
Tripoli,2-25,6:16,7:40,1:24,4:33,7:04,8:24
Tripoli,2-24,6:17,7:41,1:24,4:33,7:03,8:23
Tripoli,2-23,6:18,7:42,1:24,4:32,7:03,8:23
Tripoli,2-22,6:19,7:43,1:24,4:32,7:02,8:22
Tripoli,2-21,6:20,7:44,1:24,4:31,7:01,8:21
Tripoli,2-20,6:21,7:45,1:25,4:30,7:00,8:20
Tripoli,2-19,6:22,7:46,1:25,4:30,6:59,8:19
Tripoli,2-18,6:23,7:47,1:25,4:29,6:58,8:19
Tripoli,2-17,6:24,7:48,1:25,4:29,6:57,8:18
Tripoli,2-16,6:25,7:49,1:25,4:28,6:57,8:17
Tripoli,2-15,6:26,7:50,1:25,4:27,6:56,8:16
Tripoli,2-14,6:26,7:51,1:25,4:27,6:55,8:16
Tripoli,2-13,6:27,7:52,1:25,4:26,6:54,8:15
Tripoli,2-12,6:28,7:53,1:25,4:25,6:53,8:14
Tripoli,2-11,6:29,7:54,1:25,4:25,6:52,8:13
Tripoli,2-10,6:30,7:55,1:25,4:24,6:51,8:12
Tripoli,2-9,6:30,7:56,1:25,4:23,6:50,8:12
Tripoli,2-8,6:31,7:57,1:25,4:23,6:49,8:11
Tripoli,2-7,6:32,7:57,1:25,4:22,6:48,8:10
Tripoli,2-6,6:32,7:58,1:25,4:21,6:47,8:09
Tripoli,2-5,6:33,7:59,1:25,4:20,6:46,8:08
Tripoli,2-4,6:34,8:00,1:25,4:20,6:45,8:07
Tripoli,2-3,6:34,8:00,1:24,4:19,6:44,8:07
Tripoli,2-2,6:35,8:01,1:24,4:18,6:44,8:06
Tripoli,2-1,6:35,8:02,1:24,4:17,6:43,8:05
Tripoli,1-31,6:36,8:02,1:24,4:16,6:42,8:04
Tripoli,1-30,6:36,8:03,1:24,4:16,6:41,8:03
Tripoli,1-29,6:37,8:04,1:24,4:15,6:40,8:02
Tripoli,1-28,6:37,8:04,1:23,4:14,6:39,8:02
Tripoli,1-27,6:38,8:05,1:23,4:13,6:38,8:01
Tripoli,1-26,6:38,8:05,1:23,4:12,6:37,8:00
Tripoli,1-25,6:38,8:06,1:23,4:12,6:36,7:59
Tripoli,1-24,6:39,8:06,1:23,4:11,6:35,7:58
Tripoli,1-23,6:39,8:07,1:22,4:10,6:34,7:58
Tripoli,1-22,6:39,8:07,1:22,4:09,6:33,7:57
Tripoli,1-21,6:40,8:08,1:22,4:08,6:32,7:56
Tripoli,1-20,6:40,8:08,1:21,4:07,6:31,7:55
Tripoli,1-19,6:40,8:08,1:21,4:07,6:30,7:54
Tripoli,1-18,6:40,8:09,1:21,4:06,6:29,7:53
Tripoli,1-17,6:40,8:09,1:20,4:05,6:28,7:53
Tripoli,1-16,6:40,8:09,1:20,4:04,6:27,7:52
Tripoli,1-15,6:41,8:09,1:20,4:03,6:26,7:51
Tripoli,1-14,6:41,8:09,1:19,4:02,6:25,7:50
Tripoli,1-13,6:41,8:10,1:19,4:02,6:25,7:49
Tripoli,1-12,6:41,8:10,1:19,4:01,6:24,7:49
Tripoli,1-11,6:41,8:10,1:18,4:00,6:23,7:48
Tripoli,1-10,6:41,8:10,1:18,3:59,6:22,7:47
Tripoli,1-9,6:41,8:10,1:17,3:58,6:21,7:46
Tripoli,1-8,6:40,8:10,1:17,3:58,6:20,7:46
Tripoli,1-7,6:40,8:10,1:17,3:57,6:19,7:45
Tripoli,1-6,6:40,8:10,1:16,3:56,6:19,7:44
Tripoli,1-5,6:40,8:10,1:16,3:55,6:18,7:43
Tripoli,1-4,6:40,8:10,1:15,3:55,6:17,7:43
Tripoli,1-3,6:40,8:10,1:15,3:54,6:16,7:42
Tripoli,1-2,6:39,8:09,1:14,3:53,6:15,7:41
Tripoli,1-1,6:39,8:09,1:14,3:52,6:15,7:41
Zawia,12-31,6:41,8:11,1:15,3:54,6:16,7:42
Zawia,12-30,6:40,8:10,1:15,3:53,6:16,7:42
Zawia,12-29,6:40,8:10,1:14,3:53,6:15,7:41
Zawia,12-28,6:40,8:10,1:14,3:52,6:14,7:40
Zawia,12-27,6:39,8:09,1:14,3:52,6:14,7:40
Zawia,12-26,6:39,8:09,1:13,3:51,6:13,7:39
Zawia,12-25,6:38,8:09,1:13,3:50,6:12,7:39
Zawia,12-24,6:38,8:08,1:12,3:50,6:12,7:38
Zawia,12-23,6:38,8:08,1:12,3:49,6:11,7:38
Zawia,12-22,6:37,8:07,1:11,3:49,6:11,7:37
Zawia,12-21,6:37,8:07,1:11,3:48,6:10,7:37
Zawia,12-20,6:36,8:06,1:10,3:48,6:10,7:36
Zawia,12-19,6:36,8:06,1:10,3:47,6:09,7:36
Zawia,12-18,6:35,8:05,1:09,3:47,6:09,7:35
Zawia,12-17,6:35,8:05,1:09,3:47,6:09,7:35
Zawia,12-16,6:34,8:04,1:08,3:46,6:08,7:34
Zawia,12-15,6:33,8:03,1:08,3:46,6:08,7:34
Zawia,12-14,6:33,8:03,1:07,3:46,6:08,7:34
Zawia,12-13,6:32,8:02,1:07,3:45,6:07,7:33
Zawia,12-12,6:32,8:01,1:06,3:45,6:07,7:33
Zawia,12-11,6:31,8:01,1:06,3:45,6:07,7:33
Zawia,12-10,6:30,8:00,1:05,3:45,6:07,7:33
Zawia,12-9,6:30,7:59,1:05,3:44,6:07,7:32
Zawia,12-8,6:29,7:59,1:05,3:44,6:07,7:32
Zawia,12-7,6:28,7:58,1:04,3:44,6:06,7:32
Zawia,12-6,6:28,7:57,1:04,3:44,6:06,7:32
Zawia,12-5,6:27,7:56,1:03,3:44,6:06,7:32
Zawia,12-4,6:26,7:55,1:03,3:44,6:06,7:32
Zawia,12-3,6:25,7:55,1:02,3:44,6:06,7:32
Zawia,12-2,6:25,7:54,1:02,3:44,6:06,7:32
Zawia,12-1,6:24,7:53,1:02,3:44,6:06,7:31
Zawia,11-30,6:23,7:52,1:01,3:44,6:07,7:31
Zawia,11-29,6:22,7:51,1:01,3:44,6:07,7:32
Zawia,11-28,6:22,7:50,1:01,3:44,6:07,7:32
Zawia,11-27,6:21,7:49,1:00,3:44,6:07,7:32
Zawia,11-26,6:20,7:49,1:00,3:44,6:07,7:32
Zawia,11-25,6:19,7:48,1:00,3:44,6:08,7:32
Zawia,11-24,6:19,7:47,12:59,3:44,6:08,7:32
Zawia,11-23,6:18,7:46,12:59,3:45,6:08,7:32
Zawia,11-22,6:17,7:45,12:59,3:45,6:09,7:32
Zawia,11-21,6:16,7:44,12:59,3:45,6:09,7:33
Zawia,11-20,6:16,7:43,12:58,3:45,6:09,7:33
Zawia,11-19,6:15,7:42,12:58,3:46,6:10,7:33
Zawia,11-18,6:14,7:41,12:58,3:46,6:10,7:34
Zawia,11-17,6:13,7:40,12:58,3:46,6:11,7:34
Zawia,11-16,6:12,7:40,12:57,3:47,6:11,7:34
Zawia,11-15,6:12,7:39,12:57,3:47,6:12,7:35
Zawia,11-14,6:11,7:38,12:57,3:48,6:12,7:35
Zawia,11-13,6:10,7:37,12:57,3:48,6:13,7:36
Zawia,11-12,6:09,7:36,12:57,3:49,6:14,7:36
Zawia,11-11,6:08,7:35,12:57,3:49,6:14,7:37
Zawia,11-10,6:08,7:34,12:56,3:50,6:15,7:37
Zawia,11-9,6:07,7:33,12:56,3:50,6:16,7:38
Zawia,11-8,6:06,7:32,12:56,3:51,6:16,7:38
Zawia,11-7,6:05,7:31,12:56,3:51,6:17,7:39
Zawia,11-6,6:05,7:30,12:56,3:52,6:18,7:40
Zawia,11-5,6:04,7:29,12:56,3:52,6:19,7:40
Zawia,11-4,6:03,7:29,12:56,3:53,6:19,7:41
Zawia,11-3,6:02,7:28,12:56,3:54,6:20,7:42
Zawia,11-2,6:02,7:27,12:56,3:54,6:21,7:42
Zawia,11-1,6:01,7:26,12:56,3:55,6:22,7:43
Zawia,10-31,6:00,7:25,12:56,3:56,6:23,7:44
Zawia,10-30,5:59,7:24,12:56,3:56,6:24,7:45
Zawia,10-29,5:59,7:23,12:56,3:57,6:25,7:46
Zawia,10-28,5:58,7:23,12:56,3:58,6:26,7:46
Zawia,10-27,5:57,7:22,12:56,3:59,6:27,7:47
Zawia,10-26,5:56,7:21,12:56,3:59,6:28,7:48
Zawia,10-25,5:56,7:20,12:56,4:00,6:29,7:49
Zawia,10-24,5:55,7:19,12:56,4:01,6:30,7:50
Zawia,10-23,5:54,7:18,12:57,4:02,6:31,7:51
Zawia,10-22,5:53,7:18,12:57,4:02,6:32,7:52
Zawia,10-21,5:53,7:17,12:57,4:03,6:33,7:53
Zawia,10-20,5:52,7:16,12:57,4:04,6:34,7:54
Zawia,10-19,5:51,7:15,12:57,4:05,6:35,7:55
Zawia,10-18,5:51,7:14,12:57,4:06,6:36,7:56
Zawia,10-17,5:50,7:14,12:58,4:07,6:38,7:57
Zawia,10-16,5:49,7:13,12:58,4:07,6:39,7:58
Zawia,10-15,5:49,7:12,12:58,4:08,6:40,8:00
Zawia,10-14,5:48,7:11,12:58,4:09,6:41,8:01
Zawia,10-13,5:47,7:11,12:59,4:10,6:42,8:02
Zawia,10-12,5:46,7:10,12:59,4:11,6:44,8:03
Zawia,10-11,5:46,7:09,12:59,4:12,6:45,8:04
Zawia,10-10,5:45,7:09,12:59,4:13,6:46,8:06
Zawia,10-9,5:44,7:08,1:00,4:14,6:47,8:07
Zawia,10-8,5:44,7:07,1:00,4:15,6:49,8:08
Zawia,10-7,5:43,7:06,1:00,4:15,6:50,8:09
Zawia,10-6,5:42,7:06,1:00,4:16,6:51,8:11
Zawia,10-5,5:42,7:05,1:01,4:17,6:52,8:12
Zawia,10-4,5:41,7:04,1:01,4:18,6:54,8:13
Zawia,10-3,5:40,7:04,1:01,4:19,6:55,8:15
Zawia,10-2,5:40,7:03,1:02,4:20,6:56,8:16
Zawia,10-1,5:39,7:02,1:02,4:21,6:58,8:17
Zawia,9-30,5:38,7:02,1:02,4:22,6:59,8:19
Zawia,9-29,5:38,7:01,1:03,4:23,7:00,8:20
Zawia,9-28,5:37,7:00,1:03,4:24,7:02,8:21
Zawia,9-27,5:36,7:00,1:03,4:25,7:03,8:23
Zawia,9-26,5:35,6:59,1:04,4:25,7:05,8:24
Zawia,9-25,5:35,6:58,1:04,4:26,7:06,8:26
Zawia,9-24,5:34,6:58,1:05,4:27,7:07,8:27
Zawia,9-23,5:33,6:57,1:05,4:28,7:09,8:28
Zawia,9-22,5:33,6:57,1:05,4:29,7:10,8:30
Zawia,9-21,5:32,6:56,1:06,4:30,7:11,8:31
Zawia,9-20,5:31,6:55,1:06,4:31,7:13,8:33
Zawia,9-19,5:31,6:55,1:06,4:31,7:14,8:34
Zawia,9-18,5:30,6:54,1:07,4:32,7:15,8:36
Zawia,9-17,5:29,6:53,1:07,4:33,7:17,8:37
Zawia,9-16,5:28,6:53,1:07,4:34,7:18,8:39
Zawia,9-15,5:28,6:52,1:08,4:35,7:20,8:40
Zawia,9-14,5:27,6:51,1:08,4:36,7:21,8:42
Zawia,9-13,5:26,6:51,1:09,4:36,7:22,8:43
Zawia,9-12,5:25,6:50,1:09,4:37,7:24,8:45
Zawia,9-11,5:25,6:50,1:09,4:38,7:25,8:46
Zawia,9-10,5:24,6:49,1:10,4:39,7:26,8:48
Zawia,9-9,5:23,6:48,1:10,4:39,7:28,8:49
Zawia,9-8,5:22,6:48,1:10,4:40,7:29,8:51
Zawia,9-7,5:21,6:47,1:11,4:41,7:30,8:52
Zawia,9-6,5:21,6:46,1:11,4:42,7:32,8:54
Zawia,9-5,5:20,6:46,1:11,4:42,7:33,8:55
Zawia,9-4,5:19,6:45,1:12,4:43,7:34,8:57
Zawia,9-3,5:18,6:45,1:12,4:44,7:36,8:58
Zawia,9-2,5:17,6:44,1:12,4:44,7:37,8:59
Zawia,9-1,5:17,6:43,1:13,4:45,7:38,9:01
Zawia,8-31,5:16,6:43,1:13,4:46,7:39,9:02
Zawia,8-30,5:15,6:42,1:13,4:46,7:41,9:04
Zawia,8-29,5:14,6:41,1:14,4:47,7:42,9:05
Zawia,8-28,5:13,6:41,1:14,4:47,7:43,9:07
Zawia,8-27,5:12,6:40,1:14,4:48,7:44,9:08
Zawia,8-26,5:11,6:39,1:15,4:48,7:46,9:10
Zawia,8-25,5:10,6:39,1:15,4:49,7:47,9:11
Zawia,8-24,5:10,6:38,1:15,4:50,7:48,9:13
Zawia,8-23,5:09,6:37,1:15,4:50,7:49,9:14
Zawia,8-22,5:08,6:37,1:16,4:50,7:50,9:15
Zawia,8-21,5:07,6:36,1:16,4:51,7:52,9:17
Zawia,8-20,5:06,6:35,1:16,4:51,7:53,9:18
Zawia,8-19,5:05,6:35,1:16,4:52,7:54,9:20
Zawia,8-18,5:04,6:34,1:16,4:52,7:55,9:21
Zawia,8-17,5:03,6:33,1:17,4:53,7:56,9:22
Zawia,8-16,5:02,6:33,1:17,4:53,7:57,9:24
Zawia,8-15,5:01,6:32,1:17,4:53,7:58,9:25
Zawia,8-14,5:00,6:31,1:17,4:54,7:59,9:26
Zawia,8-13,4:59,6:31,1:17,4:54,8:00,9:28
Zawia,8-12,4:58,6:30,1:18,4:54,8:01,9:29
Zawia,8-11,4:57,6:29,1:18,4:55,8:02,9:30
Zawia,8-10,4:56,6:28,1:18,4:55,8:03,9:32
Zawia,8-9,4:55,6:28,1:18,4:55,8:04,9:33
Zawia,8-8,4:54,6:27,1:18,4:55,8:05,9:34
Zawia,8-7,4:53,6:26,1:18,4:56,8:06,9:35
Zawia,8-6,4:52,6:26,1:18,4:56,8:07,9:36
Zawia,8-5,4:51,6:25,1:18,4:56,8:08,9:38
Zawia,8-4,4:50,6:24,1:19,4:56,8:09,9:39
Zawia,8-3,4:49,6:24,1:19,4:56,8:10,9:40
Zawia,8-2,4:48,6:23,1:19,4:56,8:10,9:41
Zawia,8-1,4:47,6:22,1:19,4:57,8:11,9:42
Zawia,7-31,4:46,6:21,1:19,4:57,8:12,9:43
Zawia,7-30,4:45,6:21,1:19,4:57,8:13,9:44
Zawia,7-29,4:44,6:20,1:19,4:57,8:13,9:45
Zawia,7-28,4:43,6:19,1:19,4:57,8:14,9:46
Zawia,7-27,4:42,6:19,1:19,4:57,8:15,9:47
Zawia,7-26,4:41,6:18,1:19,4:57,8:16,9:48
Zawia,7-25,4:40,6:17,1:19,4:57,8:16,9:49
Zawia,7-24,4:39,6:17,1:19,4:57,8:17,9:50
Zawia,7-23,4:38,6:16,1:19,4:57,8:17,9:51
Zawia,7-22,4:37,6:15,1:19,4:57,8:18,9:52
Zawia,7-21,4:37,6:15,1:19,4:57,8:19,9:53
Zawia,7-20,4:36,6:14,1:19,4:57,8:19,9:54
Zawia,7-19,4:35,6:13,1:18,4:57,8:20,9:54
Zawia,7-18,4:34,6:13,1:18,4:57,8:20,9:55
Zawia,7-17,4:33,6:12,1:18,4:57,8:20,9:56
Zawia,7-16,4:32,6:12,1:18,4:57,8:21,9:56
Zawia,7-15,4:31,6:11,1:18,4:56,8:21,9:57
Zawia,7-14,4:30,6:10,1:18,4:56,8:22,9:58
Zawia,7-13,4:30,6:10,1:18,4:56,8:22,9:58
Zawia,7-12,4:29,6:09,1:18,4:56,8:22,9:59
Zawia,7-11,4:28,6:09,1:18,4:56,8:23,9:59
Zawia,7-10,4:27,6:08,1:18,4:56,8:23,10:00
Zawia,7-9,4:26,6:08,1:17,4:56,8:23,10:00
Zawia,7-8,4:26,6:07,1:17,4:56,8:23,10:01
Zawia,7-7,4:25,6:07,1:17,4:55,8:24,10:01
Zawia,7-6,4:24,6:06,1:17,4:55,8:24,10:01
Zawia,7-5,4:24,6:06,1:17,4:55,8:24,10:02
Zawia,7-4,4:23,6:05,1:17,4:55,8:24,10:02
Zawia,7-3,4:23,6:05,1:16,4:55,8:24,10:02
Zawia,7-2,4:22,6:04,1:16,4:54,8:24,10:02
Zawia,7-1,4:21,6:04,1:16,4:54,8:24,10:02
Zawia,6-30,4:21,6:03,1:16,4:54,8:24,10:02
Zawia,6-29,4:20,6:03,1:16,4:54,8:24,10:02
Zawia,6-28,4:20,6:03,1:15,4:54,8:24,10:02
Zawia,6-27,4:20,6:02,1:15,4:54,8:24,10:02
Zawia,6-26,4:19,6:02,1:15,4:53,8:24,10:02
Zawia,6-25,4:19,6:02,1:15,4:53,8:24,10:02
Zawia,6-24,4:19,6:02,1:15,4:53,8:24,10:02
Zawia,6-23,4:18,6:01,1:14,4:53,8:24,10:02
Zawia,6-22,4:18,6:01,1:14,4:52,8:24,10:02
Zawia,6-21,4:18,6:01,1:14,4:52,8:23,10:02
Zawia,6-20,4:18,6:01,1:14,4:52,8:23,10:02
Zawia,6-19,4:17,6:00,1:14,4:52,8:23,10:02
Zawia,6-18,4:17,6:00,1:13,4:52,8:23,10:02
Zawia,6-17,4:17,6:00,1:13,4:51,8:22,10:01
Zawia,6-16,4:17,6:00,1:13,4:51,8:22,10:01
Zawia,6-15,4:17,6:00,1:13,4:51,8:22,10:01
Zawia,6-14,4:17,6:00,1:13,4:51,8:21,10:00
Zawia,6-13,4:17,6:00,1:12,4:51,8:21,10:00
Zawia,6-12,4:17,6:00,1:12,4:51,8:21,9:59
Zawia,6-11,4:18,6:00,1:12,4:50,8:20,9:59
Zawia,6-10,4:18,6:00,1:12,4:50,8:20,9:58
Zawia,6-9,4:18,6:00,1:12,4:50,8:19,9:57
Zawia,6-8,4:18,6:00,1:12,4:50,8:19,9:57
Zawia,6-7,4:18,6:00,1:11,4:50,8:18,9:56
Zawia,6-6,4:19,6:00,1:11,4:49,8:18,9:56
Zawia,6-5,4:19,6:01,1:11,4:49,8:17,9:55
Zawia,6-4,4:19,6:01,1:11,4:49,8:17,9:54
Zawia,6-3,4:20,6:01,1:11,4:49,8:16,9:53
Zawia,6-2,4:20,6:01,1:10,4:49,8:16,9:53
Zawia,6-1,4:21,6:01,1:10,4:49,8:15,9:52
Zawia,5-31,4:21,6:02,1:10,4:49,8:15,9:51
Zawia,5-30,4:22,6:02,1:10,4:48,8:14,9:50
Zawia,5-29,4:22,6:02,1:10,4:48,8:13,9:49
Zawia,5-28,4:23,6:03,1:10,4:48,8:13,9:49
Zawia,5-27,4:24,6:03,1:10,4:48,8:12,9:48
Zawia,5-26,4:24,6:04,1:10,4:48,8:12,9:47
Zawia,5-25,4:25,6:04,1:09,4:48,8:11,9:46
Zawia,5-24,4:26,6:04,1:09,4:48,8:10,9:45
Zawia,5-23,4:27,6:05,1:09,4:48,8:10,9:44
Zawia,5-22,4:27,6:05,1:09,4:47,8:09,9:43
Zawia,5-21,4:28,6:06,1:09,4:47,8:08,9:42
Zawia,5-20,4:29,6:07,1:09,4:47,8:08,9:41
Zawia,5-19,4:30,6:07,1:09,4:47,8:07,9:40
Zawia,5-18,4:31,6:08,1:09,4:47,8:06,9:39
Zawia,5-17,4:32,6:08,1:09,4:47,8:05,9:38
Zawia,5-16,4:33,6:09,1:09,4:47,8:05,9:37
Zawia,5-15,4:34,6:10,1:09,4:47,8:04,9:36
Zawia,5-14,4:35,6:10,1:09,4:47,8:03,9:35
Zawia,5-13,4:36,6:11,1:09,4:47,8:02,9:34
Zawia,5-12,4:37,6:12,1:09,4:47,8:02,9:33
Zawia,5-11,4:38,6:13,1:09,4:47,8:01,9:32
Zawia,5-10,4:39,6:13,1:09,4:47,8:00,9:31
Zawia,5-9,4:40,6:14,1:09,4:47,8:00,9:30
Zawia,5-8,4:41,6:15,1:09,4:46,7:59,9:29
Zawia,5-7,4:42,6:16,1:09,4:46,7:58,9:28
Zawia,5-6,4:43,6:17,1:09,4:46,7:57,9:27
Zawia,5-5,4:45,6:18,1:09,4:46,7:57,9:26
Zawia,5-4,4:46,6:18,1:09,4:46,7:56,9:25
Zawia,5-3,4:47,6:19,1:09,4:46,7:55,9:23
Zawia,5-2,4:48,6:20,1:09,4:46,7:54,9:22
Zawia,5-1,4:49,6:21,1:09,4:46,7:54,9:21
Zawia,4-30,4:51,6:22,1:10,4:46,7:53,9:20
Zawia,4-29,4:52,6:23,1:10,4:46,7:52,9:19
Zawia,4-28,4:53,6:24,1:10,4:46,7:51,9:18
Zawia,4-27,4:55,6:25,1:10,4:46,7:51,9:17
Zawia,4-26,4:56,6:26,1:10,4:46,7:50,9:16
Zawia,4-25,4:57,6:27,1:10,4:46,7:49,9:15
Zawia,4-24,4:59,6:28,1:10,4:46,7:48,9:14
Zawia,4-23,5:00,6:30,1:11,4:46,7:48,9:13
Zawia,4-22,5:01,6:31,1:11,4:46,7:47,9:12
Zawia,4-21,5:03,6:32,1:11,4:46,7:46,9:11
Zawia,4-20,5:04,6:33,1:11,4:46,7:45,9:10
Zawia,4-19,5:06,6:34,1:11,4:46,7:45,9:09
Zawia,4-18,5:07,6:35,1:12,4:46,7:44,9:08
Zawia,4-17,5:08,6:36,1:12,4:46,7:43,9:07
Zawia,4-16,5:10,6:38,1:12,4:46,7:43,9:06
Zawia,4-15,5:11,6:39,1:12,4:46,7:42,9:06
Zawia,4-14,5:13,6:40,1:13,4:46,7:41,9:05
Zawia,4-13,5:14,6:41,1:13,4:46,7:40,9:04
Zawia,4-12,5:15,6:42,1:13,4:46,7:40,9:03
Zawia,4-11,5:17,6:44,1:13,4:46,7:39,9:02
Zawia,4-10,5:18,6:45,1:14,4:46,7:38,9:01
Zawia,4-9,5:20,6:46,1:14,4:46,7:38,9:00
Zawia,4-8,5:21,6:47,1:14,4:46,7:37,8:59
Zawia,4-7,5:23,6:49,1:15,4:45,7:36,8:58
Zawia,4-6,5:24,6:50,1:15,4:45,7:36,8:57
Zawia,4-5,5:26,6:51,1:15,4:45,7:35,8:57
Zawia,4-4,5:27,6:53,1:15,4:45,7:34,8:56
Zawia,4-3,5:29,6:54,1:16,4:45,7:33,8:55
Zawia,4-2,5:30,6:55,1:16,4:45,7:33,8:54
Zawia,4-1,5:32,6:57,1:16,4:45,7:32,8:53
Zawia,3-31,5:33,6:58,1:17,4:45,7:31,8:52
Zawia,3-30,5:34,6:59,1:17,4:45,7:31,8:51
Zawia,3-29,5:36,7:01,1:17,4:45,7:30,8:51
Zawia,3-28,5:37,7:02,1:18,4:45,7:29,8:50
Zawia,3-27,5:39,7:03,1:18,4:44,7:29,8:49
Zawia,3-26,5:40,7:05,1:18,4:44,7:28,8:48
Zawia,3-25,5:42,7:06,1:19,4:44,7:27,8:47
Zawia,3-24,5:43,7:07,1:19,4:44,7:27,8:47
Zawia,3-23,5:45,7:09,1:19,4:44,7:26,8:46
Zawia,3-22,5:46,7:10,1:20,4:44,7:25,8:45
Zawia,3-21,5:47,7:11,1:20,4:43,7:24,8:44
Zawia,3-20,5:49,7:13,1:20,4:43,7:24,8:44
Zawia,3-19,5:50,7:14,1:20,4:43,7:23,8:43
Zawia,3-18,5:52,7:15,1:21,4:43,7:22,8:42
Zawia,3-17,5:53,7:17,1:21,4:43,7:22,8:41
Zawia,3-16,5:54,7:18,1:21,4:42,7:21,8:40
Zawia,3-15,5:56,7:19,1:22,4:42,7:20,8:40
Zawia,3-14,5:57,7:20,1:22,4:42,7:19,8:39
Zawia,3-13,5:58,7:22,1:22,4:42,7:19,8:38
Zawia,3-12,6:00,7:23,1:23,4:41,7:18,8:37
Zawia,3-11,6:01,7:24,1:23,4:41,7:17,8:37
Zawia,3-10,6:02,7:26,1:23,4:41,7:17,8:36
Zawia,3-9,6:04,7:27,1:23,4:40,7:16,8:35
Zawia,3-8,6:05,7:28,1:24,4:40,7:15,8:34
Zawia,3-7,6:06,7:29,1:24,4:40,7:14,8:34
Zawia,3-6,6:07,7:31,1:24,4:39,7:14,8:33
Zawia,3-5,6:09,7:32,1:24,4:39,7:13,8:32
Zawia,3-4,6:10,7:33,1:25,4:38,7:12,8:31
Zawia,3-3,6:11,7:34,1:25,4:38,7:11,8:31
Zawia,3-2,6:12,7:36,1:25,4:38,7:10,8:30
Zawia,3-1,6:13,7:37,1:25,4:37,7:10,8:29
Zawia,2-29,6:14,7:38,1:25,4:37,7:09,8:28
Zawia,2-28,6:14,7:38,1:25,4:37,7:09,8:28
Zawia,2-27,6:16,7:39,1:26,4:36,7:08,8:28
Zawia,2-26,6:17,7:40,1:26,4:36,7:07,8:27
Zawia,2-25,6:18,7:42,1:26,4:35,7:06,8:26
Zawia,2-24,6:19,7:43,1:26,4:35,7:06,8:25
Zawia,2-23,6:20,7:44,1:26,4:34,7:05,8:25
Zawia,2-22,6:21,7:45,1:26,4:34,7:04,8:24
Zawia,2-21,6:22,7:46,1:27,4:33,7:03,8:23
Zawia,2-20,6:23,7:47,1:27,4:33,7:02,8:22
Zawia,2-19,6:24,7:48,1:27,4:32,7:01,8:22
Zawia,2-18,6:25,7:49,1:27,4:31,7:01,8:21
Zawia,2-17,6:26,7:50,1:27,4:31,7:00,8:20
Zawia,2-16,6:27,7:51,1:27,4:30,6:59,8:19
Zawia,2-15,6:28,7:52,1:27,4:30,6:58,8:18
Zawia,2-14,6:28,7:53,1:27,4:29,6:57,8:18
Zawia,2-13,6:29,7:54,1:27,4:28,6:56,8:17
Zawia,2-12,6:30,7:55,1:27,4:28,6:55,8:16
Zawia,2-11,6:31,7:56,1:27,4:27,6:54,8:15
Zawia,2-10,6:32,7:57,1:27,4:26,6:53,8:14
Zawia,2-9,6:32,7:58,1:27,4:26,6:52,8:14
Zawia,2-8,6:33,7:58,1:27,4:25,6:52,8:13
Zawia,2-7,6:34,7:59,1:27,4:24,6:51,8:12
Zawia,2-6,6:34,8:00,1:27,4:23,6:50,8:11
Zawia,2-5,6:35,8:01,1:27,4:23,6:49,8:10
Zawia,2-4,6:36,8:02,1:27,4:22,6:48,8:10
Zawia,2-3,6:36,8:02,1:27,4:21,6:47,8:09
Zawia,2-2,6:37,8:03,1:26,4:20,6:46,8:08
Zawia,2-1,6:37,8:04,1:26,4:20,6:45,8:07
Zawia,1-31,6:38,8:04,1:26,4:19,6:44,8:06
Zawia,1-30,6:38,8:05,1:26,4:18,6:43,8:05
Zawia,1-29,6:39,8:05,1:26,4:17,6:42,8:05
Zawia,1-28,6:39,8:06,1:26,4:16,6:41,8:04
Zawia,1-27,6:40,8:07,1:25,4:16,6:40,8:03
Zawia,1-26,6:40,8:07,1:25,4:15,6:39,8:02
Zawia,1-25,6:40,8:08,1:25,4:14,6:38,8:01
Zawia,1-24,6:41,8:08,1:25,4:13,6:37,8:01
Zawia,1-23,6:41,8:08,1:24,4:12,6:36,8:00
Zawia,1-22,6:41,8:09,1:24,4:11,6:35,7:59
Zawia,1-21,6:42,8:09,1:24,4:11,6:34,7:58
Zawia,1-20,6:42,8:10,1:24,4:10,6:33,7:57
Zawia,1-19,6:42,8:10,1:23,4:09,6:32,7:56
Zawia,1-18,6:42,8:10,1:23,4:08,6:32,7:56
Zawia,1-17,6:42,8:11,1:23,4:07,6:31,7:55
Zawia,1-16,6:42,8:11,1:22,4:06,6:30,7:54
Zawia,1-15,6:42,8:11,1:22,4:06,6:29,7:53
Zawia,1-14,6:42,8:11,1:21,4:05,6:28,7:52
Zawia,1-13,6:43,8:11,1:21,4:04,6:27,7:52
Zawia,1-12,6:43,8:11,1:21,4:03,6:26,7:51
Zawia,1-11,6:43,8:12,1:20,4:02,6:25,7:50
Zawia,1-10,6:42,8:12,1:20,4:02,6:24,7:49
Zawia,1-9,6:42,8:12,1:20,4:01,6:23,7:49
Zawia,1-8,6:42,8:12,1:19,4:00,6:23,7:48
Zawia,1-7,6:42,8:12,1:19,3:59,6:22,7:47
Zawia,1-6,6:42,8:12,1:18,3:58,6:21,7:46
Zawia,1-5,6:42,8:11,1:18,3:58,6:20,7:46
Zawia,1-4,6:42,8:11,1:17,3:57,6:19,7:45
Zawia,1-3,6:41,8:11,1:17,3:56,6:19,7:44
Zawia,1-2,6:41,8:11,1:16,3:56,6:18,7:44
Zawia,1-1,6:41,8:11,1:16,3:55,6:17,7:43